_id,Expediente,Nombre,IdMunicipio,IdConcejo,Concejo,Email,Lote,IdEspecie,Column1,Especie,CodTipoClasificacion,Clasificación,Volumen,Certificación,Fecha autorización,Fecha licencia de corta
1,3120164068,AYUNTAMIENTO DE OBANOS,183,0,"",obanos@infolocal.org,LOTE 01,14,IdEspecie,Pino alepo,6,Tronquillo,"405,00",PEFC,2022-08-19T00:00:00,
2,3120164068,AYUNTAMIENTO DE OBANOS,183,0,"",obanos@infolocal.org,LOTE 01,15,IdEspecie,Pino laricio (austria),6,Tronquillo,"3125,00",PEFC,2022-08-19T00:00:00,
3,3120164068,AYUNTAMIENTO DE OBANOS,183,0,"",obanos@infolocal.org,LOTE 02,15,IdEspecie,Pino laricio (austria),6,Tronquillo,"1020,00",PEFC,2022-08-19T00:00:00,
4,3120164181,AYUNTAMIENTO DE SANTESTEBAN-DONEZTEBE,221,0,"",santesteban@doneztebe.es,LOTE 01,17,IdEspecie,Pino radiata,2,Madera,"269,95",PEFC,2021-01-06T00:00:00,2021-05-08T00:00:00
5,3120164181,AYUNTAMIENTO DE SANTESTEBAN-DONEZTEBE,221,0,"",santesteban@doneztebe.es,LOTE 01,17,IdEspecie,Pino radiata,6,Tronquillo,"89,98",PEFC,2021-01-06T00:00:00,2021-05-08T00:00:00
6,3120164181,AYUNTAMIENTO DE SANTESTEBAN-DONEZTEBE,221,0,"",santesteban@doneztebe.es,LOTE 01,22,IdEspecie,Roble Americano,2,Madera,"1018,64",PEFC,2021-01-06T00:00:00,2021-05-08T00:00:00
7,3120164181,AYUNTAMIENTO DE SANTESTEBAN-DONEZTEBE,221,0,"",santesteban@doneztebe.es,LOTE 01,22,IdEspecie,Roble Americano,6,Tronquillo,"569,61",PEFC,2021-01-06T00:00:00,2021-05-08T00:00:00
8,3120164194,CONCEJO DE EGUILLOR,194,79,BEASOAIN-EGILLOR,concejobe@gmail.com,LOTE 01,21,IdEspecie,Roble Común,7,Varios productos,"1881,00",PEFC,2020-12-14T00:00:00,
9,3120184079,CONCEJO DE HUICI-UITZI,144,307,UITZI,"",LOTE 01,10,IdEspecie,Haya,5,Leña,"1121,20",PEFC,2021-01-18T00:00:00,
10,3120184079,CONCEJO DE HUICI-UITZI,144,307,UITZI,"",LOTE 01,10,IdEspecie,Haya,2,Madera,"265,10",PEFC,2021-01-18T00:00:00,
11,3120184079,CONCEJO DE HUICI-UITZI,144,307,UITZI,"",LOTE 02,3,IdEspecie,Abeto rojo,5,Leña,"164,00",PEFC,2021-01-18T00:00:00,
12,3120184079,CONCEJO DE HUICI-UITZI,144,307,UITZI,"",LOTE 02,5,IdEspecie,Alerce,2,Madera,"377,20",PEFC,2021-01-18T00:00:00,
13,3120184117,AYUNTAMIENTO DE PUENTE LA REINA/GARES,206,0,"",puente@infolocal.org,LOTE 01,14,IdEspecie,Pino alepo,2,Madera,"5516,85",PEFC,2022-08-22T00:00:00,2022-10-20T00:00:00
14,3120184117,AYUNTAMIENTO DE PUENTE LA REINA/GARES,206,0,"",puente@infolocal.org,LOTE 01,15,IdEspecie,Pino laricio (austria),2,Madera,"17170,79",PEFC,2022-08-22T00:00:00,2022-10-20T00:00:00
15,3120184117,AYUNTAMIENTO DE PUENTE LA REINA/GARES,206,0,"",puente@infolocal.org,LOTE 01,18,IdEspecie,Pino silvestre,2,Madera,"3023,14",PEFC,2022-08-22T00:00:00,2022-10-20T00:00:00
16,3120184149,CONCEJO DE GASTIAIN,139,145,GASTIÁIN,corres.lana@gmail.com,LOTE 01,15,IdEspecie,Pino laricio (austria),2,Madera,"674,00",PEFC,2022-02-15T00:00:00,2022-06-09T00:00:00
17,3120184149,CONCEJO DE GASTIAIN,139,145,GASTIÁIN,corres.lana@gmail.com,LOTE 01,15,IdEspecie,Pino laricio (austria),6,Tronquillo,"620,00",PEFC,2022-02-15T00:00:00,2022-06-09T00:00:00
18,3120184153,AYUNTAMIENTO DE OIZ-OITZ,187,0,"",udala@oitz.es,LOTE 01,22,IdEspecie,Roble Americano,2,Madera,"426,22",PEFC,2022-01-25T00:00:00,2022-05-13T00:00:00
19,3120184153,AYUNTAMIENTO DE OIZ-OITZ,187,0,"",udala@oitz.es,LOTE 01,22,IdEspecie,Roble Americano,6,Tronquillo,"106,56",PEFC,2022-01-25T00:00:00,2022-05-13T00:00:00
20,3120194050,CONCEJO DE ESNOZ-ESNOTZ,92,122,ESNOTZ,"",LOTE 01,10,IdEspecie,Haya,6,Tronquillo,"705,00","",2021-11-06T00:00:00,
21,3120194084,AYUNTAMIENTO DE ARANGUREN,23,24,ARANGUREN <> ARANGUREN,aranguren@aranguren.es,LOTE 01,15,IdEspecie,Pino laricio (austria),2,Madera,"393,84","",2021-08-10T00:00:00,
22,3120194084,AYUNTAMIENTO DE ARANGUREN,23,24,ARANGUREN <> ARANGUREN,aranguren@aranguren.es,LOTE 01,15,IdEspecie,Pino laricio (austria),6,Tronquillo,"1066,88","",2021-08-10T00:00:00,
23,3120194088,CONCEJO DE GASCUE,186,144,GASCUE,odieta@infolocal.org,LOTE 01,18,IdEspecie,Pino silvestre,5,Leña,"187,80","",2021-08-09T00:00:00,2022-03-02T00:00:00
24,3120194088,CONCEJO DE GASCUE,186,144,GASCUE,odieta@infolocal.org,LOTE 01,18,IdEspecie,Pino silvestre,2,Madera,"187,80","",2021-08-09T00:00:00,2022-03-02T00:00:00
25,3120194088,CONCEJO DE GASCUE,186,144,GASCUE,odieta@infolocal.org,LOTE 01,19,IdEspecie,Quejigo-Roble,6,Tronquillo,"404,10","",2021-08-09T00:00:00,2022-03-02T00:00:00
26,3120194097,CONCEJO DE IBIRICU,260,165,IBIRICU DE YERRI,concejodeibiricudeyerri@gmail.com,LOTE 01,10,IdEspecie,Haya,2,Madera,"164,62","",2021-11-11T00:00:00,
27,3120194097,CONCEJO DE IBIRICU,260,165,IBIRICU DE YERRI,concejodeibiricudeyerri@gmail.com,LOTE 01,10,IdEspecie,Haya,6,Tronquillo,"384,12","",2021-11-11T00:00:00,
28,3120194103,JUNTA DE SANTIAGO DE LOQUIZ,693,0,"",ayuntamiento@amescoabaja.org,LOTE 01,10,IdEspecie,Haya,6,Tronquillo,"382,86",PEFC,2021-06-17T00:00:00,2022-03-22T00:00:00
29,3120194116,AYUNTAMIENTO DE ARANTZA,22,0,"",arantza.udala@terra.es,LOTE 01,6,IdEspecie,Castaño,2,Madera,"42,56",PEFC,2021-03-30T00:00:00,2021-06-10T00:00:00
30,3120194116,AYUNTAMIENTO DE ARANTZA,22,0,"",arantza.udala@terra.es,LOTE 01,6,IdEspecie,Castaño,6,Tronquillo,"36,60",PEFC,2021-03-30T00:00:00,2021-06-10T00:00:00
31,3120194116,AYUNTAMIENTO DE ARANTZA,22,0,"",arantza.udala@terra.es,LOTE 01,15,IdEspecie,Pino laricio (austria),2,Madera,"39,23",PEFC,2021-03-30T00:00:00,2021-06-10T00:00:00
32,3120194116,AYUNTAMIENTO DE ARANTZA,22,0,"",arantza.udala@terra.es,LOTE 01,15,IdEspecie,Pino laricio (austria),6,Tronquillo,"39,23",PEFC,2021-03-30T00:00:00,2021-06-10T00:00:00
33,3120194116,AYUNTAMIENTO DE ARANTZA,22,0,"",arantza.udala@terra.es,LOTE 01,17,IdEspecie,Pino radiata,2,Madera,"14,27",PEFC,2021-03-30T00:00:00,2021-06-10T00:00:00
34,3120194116,AYUNTAMIENTO DE ARANTZA,22,0,"",arantza.udala@terra.es,LOTE 01,17,IdEspecie,Pino radiata,6,Tronquillo,"3,57",PEFC,2021-03-30T00:00:00,2021-06-10T00:00:00
35,3120194116,AYUNTAMIENTO DE ARANTZA,22,0,"",arantza.udala@terra.es,LOTE 01,22,IdEspecie,Roble Americano,2,Madera,"178,14",PEFC,2021-03-30T00:00:00,2021-06-10T00:00:00
36,3120194116,AYUNTAMIENTO DE ARANTZA,22,0,"",arantza.udala@terra.es,LOTE 01,22,IdEspecie,Roble Americano,6,Tronquillo,"253,55",PEFC,2021-03-30T00:00:00,2021-06-10T00:00:00
37,3120194132,CONCEJO DE GARZARON-GARTZARON,49,143,GARTZARON,udala@basaburua.eus,LOTE 01,10,IdEspecie,Haya,6,Tronquillo,"1990,20",PEFC,2021-01-18T00:00:00,2021-12-04T00:00:00
38,3120194133,CONCEJO DE CEMBORAIN,237,90,CEMBORÁIN,"",LOTE 01,15,IdEspecie,Pino laricio (austria),2,Madera,"3094,00","",2020-12-29T00:00:00,2021-12-20T00:00:00
39,3120194133,CONCEJO DE CEMBORAIN,237,90,CEMBORÁIN,"",LOTE 01,18,IdEspecie,Pino silvestre,6,Tronquillo,"4650,00","",2020-12-29T00:00:00,2021-12-20T00:00:00
40,3120204018,JUNTA GENERAL DEL VALLE RONCAL,210,0,"",juntageneral@vallederoncal.es,LOTE 01,10,IdEspecie,Haya,5,Leña,"131,00",PEFC,2021-03-26T00:00:00,2022-06-29T00:00:00
41,3120204018,JUNTA GENERAL DEL VALLE RONCAL,210,0,"",juntageneral@vallederoncal.es,LOTE 01,18,IdEspecie,Pino silvestre,2,Madera,"600,00",PEFC,2021-03-26T00:00:00,2022-06-29T00:00:00
42,3120204018,JUNTA GENERAL DEL VALLE RONCAL,210,0,"",juntageneral@vallederoncal.es,LOTE 01,18,IdEspecie,Pino silvestre,6,Tronquillo,"162,00",PEFC,2021-03-26T00:00:00,2022-06-29T00:00:00
43,3120204022,AYUNTAMIENTO DE LIZOAIN/ARRIASGOITI,156,0,"",mancomunidad@izaga.infolocal.org,LOTE 01,15,IdEspecie,Pino laricio (austria),2,Madera,"1859,00","",2021-07-20T00:00:00,2022-01-04T00:00:00
44,3120204029,CONCEJO DE AURIZBERRI/ESPINAL,92,61,AURIZBERRI/ESPINAL,info@aurizberri-espinal.net,LOTE 01,10,IdEspecie,Haya,5,Leña,"505,00",PEFC,2021-06-08T00:00:00,2022-08-03T00:00:00
45,3120204029,CONCEJO DE AURIZBERRI/ESPINAL,92,61,AURIZBERRI/ESPINAL,info@aurizberri-espinal.net,LOTE 01,10,IdEspecie,Haya,2,Madera,"1026,00",PEFC,2021-06-08T00:00:00,2022-08-03T00:00:00
46,3120204032,CONCEJO DE BIZKARRETA-GERENDIAIN,92,88,BIZKARRETEA-GERENDIAIN,erro@infolocal.org,LOTE 01,10,IdEspecie,Haya,2,Madera,"155,00",PEFC,2021-04-13T00:00:00,2021-09-13T00:00:00
47,3120204032,CONCEJO DE BIZKARRETA-GERENDIAIN,92,88,BIZKARRETEA-GERENDIAIN,erro@infolocal.org,LOTE 01,10,IdEspecie,Haya,6,Tronquillo,"867,00",PEFC,2021-04-13T00:00:00,2021-09-13T00:00:00
48,3120204033,AYUNTAMIENTO DE VIDANGOZ,252,0,"",ayuntamiento@vidangoz.com,LOTE 01,18,IdEspecie,Pino silvestre,2,Madera,"1297,00",PEFC,2020-11-27T00:00:00,2021-05-13T00:00:00
49,3120204033,AYUNTAMIENTO DE VIDANGOZ,252,0,"",ayuntamiento@vidangoz.com,LOTE 01,18,IdEspecie,Pino silvestre,6,Tronquillo,"294,00",PEFC,2020-11-27T00:00:00,2021-05-13T00:00:00
50,3120204035,AYUNTAMIENTO VALLE DE ERRO,92,120,ERRO,administracion@erro.es,LOTE 01,10,IdEspecie,Haya,2,Madera,"140,00","",2021-08-27T00:00:00,2022-06-20T00:00:00
51,3120204035,AYUNTAMIENTO VALLE DE ERRO,92,120,ERRO,administracion@erro.es,LOTE 01,10,IdEspecie,Haya,6,Tronquillo,"271,00","",2021-08-27T00:00:00,2022-06-20T00:00:00
52,3120204036,AYUNTAMIENTO DE ABAURREA ALTA-ABAURREGAINA,3,0,"",aytos_abaurreas@yahoo.es,LOTE 01,10,IdEspecie,Haya,2,Madera,"1819,00",PEFC,2021-05-07T00:00:00,2021-08-11T00:00:00
53,3120204036,AYUNTAMIENTO DE ABAURREA ALTA-ABAURREGAINA,3,0,"",aytos_abaurreas@yahoo.es,LOTE 01,10,IdEspecie,Haya,6,Tronquillo,"606,00",PEFC,2021-05-07T00:00:00,2021-08-11T00:00:00
54,3120204040,AYUNTAMIENTO DE ERASUN-ERATSUN,90,0,"",ayto.eratsun@cniebla.com,LOTE 01,10,IdEspecie,Haya,2,Madera,"383,01",PEFC,2021-12-11T00:00:00,
55,3120204040,AYUNTAMIENTO DE ERASUN-ERATSUN,90,0,"",ayto.eratsun@cniebla.com,LOTE 01,10,IdEspecie,Haya,6,Tronquillo,"383,01",PEFC,2021-12-11T00:00:00,
56,3120204040,AYUNTAMIENTO DE ERASUN-ERATSUN,90,0,"",ayto.eratsun@cniebla.com,LOTE 01,15,IdEspecie,Pino laricio (austria),2,Madera,"90,74",PEFC,2021-12-11T00:00:00,
57,3120204040,AYUNTAMIENTO DE ERASUN-ERATSUN,90,0,"",ayto.eratsun@cniebla.com,LOTE 01,15,IdEspecie,Pino laricio (austria),6,Tronquillo,"804,26",PEFC,2021-12-11T00:00:00,
58,3120204041,AYUNTAMIENTO DE EZCURRA-EZKURRA,102,0,"",ayto.ezkurra@cniebla.com,LOTE 01,10,IdEspecie,Haya,2,Madera,"1897,24",PEFC,2021-11-30T00:00:00,2022-03-21T00:00:00
59,3120204041,AYUNTAMIENTO DE EZCURRA-EZKURRA,102,0,"",ayto.ezkurra@cniebla.com,LOTE 01,10,IdEspecie,Haya,6,Tronquillo,"813,10",PEFC,2021-11-30T00:00:00,2022-03-21T00:00:00
60,3120204044,AYUNTAMIENTO DE ITUREN,129,0,"",udala@ituren.es,LOTE 01,5,IdEspecie,Alerce,6,Tronquillo,"0,00",PEFC,2021-06-16T00:00:00,2022-04-21T00:00:00
61,3120204044,AYUNTAMIENTO DE ITUREN,129,0,"",udala@ituren.es,LOTE 01,15,IdEspecie,Pino laricio (austria),6,Tronquillo,"2832,47",PEFC,2021-06-16T00:00:00,2022-04-21T00:00:00
62,3120204044,AYUNTAMIENTO DE ITUREN,129,0,"",udala@ituren.es,LOTE 01,22,IdEspecie,Roble Americano,6,Tronquillo,"56,76",PEFC,2021-06-16T00:00:00,2022-04-21T00:00:00
63,3120204044,AYUNTAMIENTO DE ITUREN,129,0,"",udala@ituren.es,LOTE 02,22,IdEspecie,Roble Americano,6,Tronquillo,"447,95",PEFC,2021-06-16T00:00:00,2021-11-24T00:00:00
64,3120204046,AYUNTAMIENTO DE SALDIAS,213,0,"",ayto.saldias@cniebla.com,LOTE 01,17,IdEspecie,Pino radiata,2,Madera,"600,43",PEFC,2021-04-16T00:00:00,2021-09-09T00:00:00
65,3120204046,AYUNTAMIENTO DE SALDIAS,213,0,"",ayto.saldias@cniebla.com,LOTE 01,17,IdEspecie,Pino radiata,6,Tronquillo,"66,71",PEFC,2021-04-16T00:00:00,2021-09-09T00:00:00
66,3120204046,AYUNTAMIENTO DE SALDIAS,213,0,"",ayto.saldias@cniebla.com,LOTE 01,22,IdEspecie,Roble Americano,2,Madera,"584,22",PEFC,2021-04-16T00:00:00,2021-09-09T00:00:00
67,3120204046,AYUNTAMIENTO DE SALDIAS,213,0,"",ayto.saldias@cniebla.com,LOTE 01,22,IdEspecie,Roble Americano,6,Tronquillo,"186,71",PEFC,2021-04-16T00:00:00,2021-09-09T00:00:00
68,3120204051,FACERIA NUMERO 29 ARAMBELZA,529,0,"",arroniz@sip2000.es,LOTE 01,15,IdEspecie,Pino laricio (austria),7,Varios productos,"8294,00","",2021-10-05T00:00:00,2022-04-21T00:00:00
69,3120204052,AYUNTAMIENTO DE ZUBIETA,263,0,"",udala@zubieta.eus,LOTE 01,22,IdEspecie,Roble Americano,2,Madera,"73,64",PEFC,2022-07-29T00:00:00,
70,3120204052,AYUNTAMIENTO DE ZUBIETA,263,0,"",udala@zubieta.eus,LOTE 01,22,IdEspecie,Roble Americano,6,Tronquillo,"144,08",PEFC,2022-07-29T00:00:00,
71,3120204055,AYUNTAMIENTO DE BERA,250,0,"",bera@bera.eus,LOTE 01,15,IdEspecie,Pino laricio (austria),6,Tronquillo,"1984,14",PEFC,2021-01-06T00:00:00,2021-01-10T00:00:00
72,3120204055,AYUNTAMIENTO DE BERA,250,0,"",bera@bera.eus,LOTE 02,5,IdEspecie,Alerce,2,Madera,"187,50",PEFC,2021-01-06T00:00:00,2021-01-10T00:00:00
73,3120204055,AYUNTAMIENTO DE BERA,250,0,"",bera@bera.eus,LOTE 02,5,IdEspecie,Alerce,6,Tronquillo,"80,36",PEFC,2021-01-06T00:00:00,2021-01-10T00:00:00
74,3120204055,AYUNTAMIENTO DE BERA,250,0,"",bera@bera.eus,LOTE 03,22,IdEspecie,Roble Americano,2,Madera,"604,87",PEFC,2021-01-06T00:00:00,2021-01-10T00:00:00
75,3120204055,AYUNTAMIENTO DE BERA,250,0,"",bera@bera.eus,LOTE 03,22,IdEspecie,Roble Americano,6,Tronquillo,"780,72",PEFC,2021-01-06T00:00:00,2021-01-10T00:00:00
76,3120204056,AYUNTAMIENTO DE ECHALAR-ETXALAR,82,0,"",idazkaritza@etxalar.eus,LOTE 01,5,IdEspecie,Alerce,2,Madera,"322,06",PEFC,2021-07-30T00:00:00,
77,3120204056,AYUNTAMIENTO DE ECHALAR-ETXALAR,82,0,"",idazkaritza@etxalar.eus,LOTE 01,12,IdEspecie,Otras conif.,6,Tronquillo,"2317,97",PEFC,2021-07-30T00:00:00,
78,3120204056,AYUNTAMIENTO DE ECHALAR-ETXALAR,82,0,"",idazkaritza@etxalar.eus,LOTE 02,12,IdEspecie,Otras conif.,2,Madera,"895,42",PEFC,2021-07-30T00:00:00,2021-03-30T00:00:00
79,3120204056,AYUNTAMIENTO DE ECHALAR-ETXALAR,82,0,"",idazkaritza@etxalar.eus,LOTE 02,15,IdEspecie,Pino laricio (austria),6,Tronquillo,"383,75",PEFC,2021-07-30T00:00:00,2021-03-30T00:00:00
80,3120204056,AYUNTAMIENTO DE ECHALAR-ETXALAR,82,0,"",idazkaritza@etxalar.eus,LOTE 03,13,IdEspecie,Otras frond.,2,Madera,"1981,73",PEFC,2021-07-30T00:00:00,2021-04-09T00:00:00
81,3120204056,AYUNTAMIENTO DE ECHALAR-ETXALAR,82,0,"",idazkaritza@etxalar.eus,LOTE 03,13,IdEspecie,Otras frond.,6,Tronquillo,"650,73",PEFC,2021-07-30T00:00:00,2021-04-09T00:00:00
82,3120204056,AYUNTAMIENTO DE ECHALAR-ETXALAR,82,0,"",idazkaritza@etxalar.eus,LOTE 04,12,IdEspecie,Otras conif.,6,Tronquillo,"125,45",PEFC,2021-07-30T00:00:00,2021-10-13T00:00:00
83,3120204056,AYUNTAMIENTO DE ECHALAR-ETXALAR,82,0,"",idazkaritza@etxalar.eus,LOTE 04,22,IdEspecie,Roble Americano,2,Madera,"616,98",PEFC,2021-07-30T00:00:00,2021-10-13T00:00:00
84,3120204056,AYUNTAMIENTO DE ECHALAR-ETXALAR,82,0,"",idazkaritza@etxalar.eus,LOTE 04,22,IdEspecie,Roble Americano,6,Tronquillo,"223,75",PEFC,2021-07-30T00:00:00,2021-10-13T00:00:00
85,3120204058,CONCEJO DE SAIGOS,98,282,SAIGOTS,"",LOTE 01,18,IdEspecie,Pino silvestre,2,Madera,"3466,00",PEFC,2021-03-16T00:00:00,2021-06-15T00:00:00
86,3120204059,AYUNTAMIENTO DE BAZTAN,50,0,"",baztan@baztan.eus,LOTE 01,10,IdEspecie,Haya,2,Madera,"208,40",PEFC,2021-07-27T00:00:00,2022-02-22T00:00:00
87,3120204059,AYUNTAMIENTO DE BAZTAN,50,0,"",baztan@baztan.eus,LOTE 01,10,IdEspecie,Haya,6,Tronquillo,"1875,90",PEFC,2021-07-27T00:00:00,2022-02-22T00:00:00
88,3120204059,AYUNTAMIENTO DE BAZTAN,50,0,"",baztan@baztan.eus,LOTE 02,10,IdEspecie,Haya,2,Madera,"1246,60",PEFC,2021-07-27T00:00:00,2022-02-22T00:00:00
89,3120204059,AYUNTAMIENTO DE BAZTAN,50,0,"",baztan@baztan.eus,LOTE 02,10,IdEspecie,Haya,6,Tronquillo,"1246,60",PEFC,2021-07-27T00:00:00,2022-02-22T00:00:00
90,3120204059,AYUNTAMIENTO DE BAZTAN,50,0,"",baztan@baztan.eus,LOTE 03,22,IdEspecie,Roble Americano,2,Madera,"161,40",PEFC,2021-07-27T00:00:00,2021-10-25T00:00:00
91,3120204059,AYUNTAMIENTO DE BAZTAN,50,0,"",baztan@baztan.eus,LOTE 03,22,IdEspecie,Roble Americano,6,Tronquillo,"107,60",PEFC,2021-07-27T00:00:00,2021-10-25T00:00:00
92,3120204059,AYUNTAMIENTO DE BAZTAN,50,0,"",baztan@baztan.eus,LOTE 04,4,IdEspecie,Acacia,5,Leña,"30,80",PEFC,2021-07-27T00:00:00,2021-10-25T00:00:00
93,3120204059,AYUNTAMIENTO DE BAZTAN,50,0,"",baztan@baztan.eus,LOTE 04,4,IdEspecie,Acacia,2,Madera,"123,20",PEFC,2021-07-27T00:00:00,2021-10-25T00:00:00
94,3120204059,AYUNTAMIENTO DE BAZTAN,50,0,"",baztan@baztan.eus,LOTE 04,5,IdEspecie,Alerce,5,Leña,"135,90",PEFC,2021-07-27T00:00:00,2021-10-25T00:00:00
95,3120204059,AYUNTAMIENTO DE BAZTAN,50,0,"",baztan@baztan.eus,LOTE 04,5,IdEspecie,Alerce,2,Madera,"317,10",PEFC,2021-07-27T00:00:00,2021-10-25T00:00:00
96,3120204059,AYUNTAMIENTO DE BAZTAN,50,0,"",baztan@baztan.eus,LOTE 04,13,IdEspecie,Otras frond.,2,Madera,"6,80",PEFC,2021-07-27T00:00:00,2021-10-25T00:00:00
97,3120204059,AYUNTAMIENTO DE BAZTAN,50,0,"",baztan@baztan.eus,LOTE 04,13,IdEspecie,Otras frond.,6,Tronquillo,"27,20",PEFC,2021-07-27T00:00:00,2021-10-25T00:00:00
98,3120204059,AYUNTAMIENTO DE BAZTAN,50,0,"",baztan@baztan.eus,LOTE 05,16,IdEspecie,Pino laricio (corcega),5,Leña,"379,30",PEFC,2021-07-27T00:00:00,2021-10-25T00:00:00
99,3120204059,AYUNTAMIENTO DE BAZTAN,50,0,"",baztan@baztan.eus,LOTE 05,16,IdEspecie,Pino laricio (corcega),2,Madera,"885,10",PEFC,2021-07-27T00:00:00,2021-10-25T00:00:00
100,3120204063,LESAKAKO UDALA-AYUNTAMIENTO DE LESAKA,153,0,"",udala@lesaka.eus,LOTE 01,15,IdEspecie,Pino laricio (austria),6,Tronquillo,"3567,49",PEFC,2021-01-06T00:00:00,2022-04-01T00:00:00
101,3120204063,LESAKAKO UDALA-AYUNTAMIENTO DE LESAKA,153,0,"",udala@lesaka.eus,LOTE 01,22,IdEspecie,Roble Americano,2,Madera,"83,47",PEFC,2021-01-06T00:00:00,2022-04-01T00:00:00
102,3120204063,LESAKAKO UDALA-AYUNTAMIENTO DE LESAKA,153,0,"",udala@lesaka.eus,LOTE 01,22,IdEspecie,Roble Americano,6,Tronquillo,"194,75",PEFC,2021-01-06T00:00:00,2022-04-01T00:00:00
103,3120204063,LESAKAKO UDALA-AYUNTAMIENTO DE LESAKA,153,0,"",udala@lesaka.eus,LOTE 02,4,IdEspecie,Acacia,2,Madera,"163,52",PEFC,2021-01-06T00:00:00,
104,3120204063,LESAKAKO UDALA-AYUNTAMIENTO DE LESAKA,153,0,"",udala@lesaka.eus,LOTE 02,4,IdEspecie,Acacia,6,Tronquillo,"270,34",PEFC,2021-01-06T00:00:00,
105,3120204063,LESAKAKO UDALA-AYUNTAMIENTO DE LESAKA,153,0,"",udala@lesaka.eus,LOTE 03,2,IdEspecie,Abeto Douglas,2,Madera,"979,00",PEFC,2021-01-06T00:00:00,2021-10-19T00:00:00
106,3120204063,LESAKAKO UDALA-AYUNTAMIENTO DE LESAKA,153,0,"",udala@lesaka.eus,LOTE 03,2,IdEspecie,Abeto Douglas,6,Tronquillo,"160,72",PEFC,2021-01-06T00:00:00,2021-10-19T00:00:00
107,3120204063,LESAKAKO UDALA-AYUNTAMIENTO DE LESAKA,153,0,"",udala@lesaka.eus,LOTE 03,5,IdEspecie,Alerce,2,Madera,"147,13",PEFC,2021-01-06T00:00:00,2021-10-19T00:00:00
108,3120204063,LESAKAKO UDALA-AYUNTAMIENTO DE LESAKA,153,0,"",udala@lesaka.eus,LOTE 03,5,IdEspecie,Alerce,6,Tronquillo,"63,05",PEFC,2021-01-06T00:00:00,2021-10-19T00:00:00
109,3120204063,LESAKAKO UDALA-AYUNTAMIENTO DE LESAKA,153,0,"",udala@lesaka.eus,LOTE 03,12,IdEspecie,Otras conif.,2,Madera,"128,23",PEFC,2021-01-06T00:00:00,2021-10-19T00:00:00
110,3120204063,LESAKAKO UDALA-AYUNTAMIENTO DE LESAKA,153,0,"",udala@lesaka.eus,LOTE 03,12,IdEspecie,Otras conif.,6,Tronquillo,"128,23",PEFC,2021-01-06T00:00:00,2021-10-19T00:00:00
111,3120204063,LESAKAKO UDALA-AYUNTAMIENTO DE LESAKA,153,0,"",udala@lesaka.eus,LOTE 03,22,IdEspecie,Roble Americano,2,Madera,"378,78",PEFC,2021-01-06T00:00:00,2021-10-19T00:00:00
112,3120204063,LESAKAKO UDALA-AYUNTAMIENTO DE LESAKA,153,0,"",udala@lesaka.eus,LOTE 03,22,IdEspecie,Roble Americano,6,Tronquillo,"162,34",PEFC,2021-01-06T00:00:00,2021-10-19T00:00:00
113,3120204063,LESAKAKO UDALA-AYUNTAMIENTO DE LESAKA,153,0,"",udala@lesaka.eus,LOTE 04,3,IdEspecie,Abeto rojo,2,Madera,"81,39",PEFC,2021-01-06T00:00:00,2021-11-18T00:00:00
114,3120204063,LESAKAKO UDALA-AYUNTAMIENTO DE LESAKA,153,0,"",udala@lesaka.eus,LOTE 04,3,IdEspecie,Abeto rojo,6,Tronquillo,"351,00",PEFC,2021-01-06T00:00:00,2021-11-18T00:00:00
115,3120204063,LESAKAKO UDALA-AYUNTAMIENTO DE LESAKA,153,0,"",udala@lesaka.eus,LOTE 04,4,IdEspecie,Acacia,2,Madera,"50,68",PEFC,2021-01-06T00:00:00,2021-11-18T00:00:00
116,3120204063,LESAKAKO UDALA-AYUNTAMIENTO DE LESAKA,153,0,"",udala@lesaka.eus,LOTE 04,4,IdEspecie,Acacia,6,Tronquillo,"202,72",PEFC,2021-01-06T00:00:00,2021-11-18T00:00:00
117,3120204063,LESAKAKO UDALA-AYUNTAMIENTO DE LESAKA,153,0,"",udala@lesaka.eus,LOTE 04,22,IdEspecie,Roble Americano,2,Madera,"517,93",PEFC,2021-01-06T00:00:00,2021-11-18T00:00:00
118,3120204063,LESAKAKO UDALA-AYUNTAMIENTO DE LESAKA,153,0,"",udala@lesaka.eus,LOTE 04,22,IdEspecie,Roble Americano,6,Tronquillo,"439,52",PEFC,2021-01-06T00:00:00,2021-11-18T00:00:00
119,3120204064,AYUNTAMIENTO DE AURITZ-BURGUETE,58,0,"",ayuntamiento@burguete.es,LOTE 01,10,IdEspecie,Haya,2,Madera,"263,00",PEFC,2021-10-03T00:00:00,2021-04-29T00:00:00
120,3120204064,AYUNTAMIENTO DE AURITZ-BURGUETE,58,0,"",ayuntamiento@burguete.es,LOTE 01,10,IdEspecie,Haya,6,Tronquillo,"555,00",PEFC,2021-10-03T00:00:00,2021-04-29T00:00:00
121,3120204067,AYUNTAMIENTO DE GOIZUETA,117,0,"",idazkaria@goizueta.eus,LOTE 01,10,IdEspecie,Haya,6,Tronquillo,"153,00",PEFC y FSC,2021-06-18T00:00:00,2021-11-24T00:00:00
122,3120204067,AYUNTAMIENTO DE GOIZUETA,117,0,"",idazkaria@goizueta.eus,LOTE 01,15,IdEspecie,Pino laricio (austria),6,Tronquillo,"425,00",PEFC y FSC,2021-06-18T00:00:00,2021-11-24T00:00:00
123,3120204067,AYUNTAMIENTO DE GOIZUETA,117,0,"",idazkaria@goizueta.eus,LOTE 01,22,IdEspecie,Roble Americano,2,Madera,"136,60",PEFC y FSC,2021-06-18T00:00:00,2021-11-24T00:00:00
124,3120204067,AYUNTAMIENTO DE GOIZUETA,117,0,"",idazkaria@goizueta.eus,LOTE 01,22,IdEspecie,Roble Americano,6,Tronquillo,"865,00",PEFC y FSC,2021-06-18T00:00:00,2021-11-24T00:00:00
125,3120204067,AYUNTAMIENTO DE GOIZUETA,117,0,"",idazkaria@goizueta.eus,LOTE 01,21,IdEspecie,Roble Común,2,Madera,"52,10",PEFC y FSC,2021-06-18T00:00:00,2021-11-24T00:00:00
126,3120204067,AYUNTAMIENTO DE GOIZUETA,117,0,"",idazkaria@goizueta.eus,LOTE 01,21,IdEspecie,Roble Común,6,Tronquillo,"28,10",PEFC y FSC,2021-06-18T00:00:00,2021-11-24T00:00:00
127,3120204068,AYUNTAMIENTO DE TORRALBA DEL RIO,230,0,"",aytodetorralba@wanadoo.es,LOTE 01,14,IdEspecie,Pino alepo,7,Varios productos,"177,45",PEFC,2020-11-16T00:00:00,
128,3120204069,CONCEJO DE ERRO,92,120,ERRO,concejoerro@gmail.com,LOTE 01,18,IdEspecie,Pino silvestre,2,Madera,"2285,00",PEFC,2021-05-03T00:00:00,2021-05-26T00:00:00
129,3120204073,CONCEJO DE MEZQUIRIZ-MEZKIRITZ,92,228,MEZKIRITZ,"",LOTE 01,10,IdEspecie,Haya,6,Tronquillo,"96,00",PEFC,2021-11-16T00:00:00,
130,3120204076,CONCEJO DE ASPURZ,181,57,ASPURZ,"",LOTE 01,18,IdEspecie,Pino silvestre,4,Embalaje,"3071,00",PEFC,2021-04-05T00:00:00,2021-10-27T00:00:00
131,3120204091,LEITZAKO UDALA,149,0,"",leitza@leitza.eus,LOTE 01,10,IdEspecie,Haya,2,Madera,"382,50",PEFC,2022-06-24T00:00:00,
132,3120204091,LEITZAKO UDALA,149,0,"",leitza@leitza.eus,LOTE 01,10,IdEspecie,Haya,6,Tronquillo,"2074,30",PEFC,2022-06-24T00:00:00,
133,3120204091,LEITZAKO UDALA,149,0,"",leitza@leitza.eus,LOTE 01,22,IdEspecie,Roble Americano,2,Madera,"64,60",PEFC,2022-06-24T00:00:00,
134,3120204091,LEITZAKO UDALA,149,0,"",leitza@leitza.eus,LOTE 01,22,IdEspecie,Roble Americano,6,Tronquillo,"43,00",PEFC,2022-06-24T00:00:00,
135,3120204091,LEITZAKO UDALA,149,0,"",leitza@leitza.eus,LOTE 02,10,IdEspecie,Haya,6,Tronquillo,"2066,30",PEFC,2022-06-24T00:00:00,
136,3120204091,LEITZAKO UDALA,149,0,"",leitza@leitza.eus,LOTE 02,12,IdEspecie,Otras conif.,2,Madera,"239,60",PEFC,2022-06-24T00:00:00,
137,3120204091,LEITZAKO UDALA,149,0,"",leitza@leitza.eus,LOTE 02,12,IdEspecie,Otras conif.,6,Tronquillo,"226,90",PEFC,2022-06-24T00:00:00,
138,3120204091,LEITZAKO UDALA,149,0,"",leitza@leitza.eus,LOTE 02,22,IdEspecie,Roble Americano,2,Madera,"303,70",PEFC,2022-06-24T00:00:00,
139,3120204091,LEITZAKO UDALA,149,0,"",leitza@leitza.eus,LOTE 02,22,IdEspecie,Roble Americano,6,Tronquillo,"665,70",PEFC,2022-06-24T00:00:00,
140,3120204093,CONCEJO DE BERASAIN,40,81,BERASÁIN,ayto.jusla@gmail.com,LOTE 01,15,IdEspecie,Pino laricio (austria),5,Leña,"703,80",PEFC,2021-07-05T00:00:00,2021-10-13T00:00:00
141,3120204093,CONCEJO DE BERASAIN,40,81,BERASÁIN,ayto.jusla@gmail.com,LOTE 01,15,IdEspecie,Pino laricio (austria),2,Madera,"926,30",PEFC,2021-07-05T00:00:00,2021-10-13T00:00:00
142,3120204098,CONCEJO DE LACABE,12871,0,"",adurgarde@gmail.com,LOTE 01,15,IdEspecie,Pino laricio (austria),4,Embalaje,"1754,00",PEFC,2020-11-20T00:00:00,2021-03-22T00:00:00
143,3120204098,CONCEJO DE LACABE,12871,0,"",adurgarde@gmail.com,LOTE 01,15,IdEspecie,Pino laricio (austria),2,Madera,"4454,00",PEFC,2020-11-20T00:00:00,2021-03-22T00:00:00
144,3120204098,CONCEJO DE LACABE,12871,0,"",adurgarde@gmail.com,LOTE 01,15,IdEspecie,Pino laricio (austria),6,Tronquillo,"147,00",PEFC,2020-11-20T00:00:00,2021-03-22T00:00:00
145,3120204099,AYUNTAMIENTO DE SANGUESA,216,0,"",jayesa@sanguesa.es,LOTE 01,8,IdEspecie,Chopo,6,Tronquillo,"90,00",PEFC,2021-04-30T00:00:00,
146,3120204102,AYUNTAMIENTO DE BACAICOA-BAKAIKU,44,0,"",udala@bakaiku.eus,LOTE 01,10,IdEspecie,Haya,5,Leña,"2438,70",PEFC,2021-01-18T00:00:00,2021-11-11T00:00:00
147,3120204102,AYUNTAMIENTO DE BACAICOA-BAKAIKU,44,0,"",udala@bakaiku.eus,LOTE 01,10,IdEspecie,Haya,2,Madera,"633,70",PEFC,2021-01-18T00:00:00,2021-11-11T00:00:00
148,3120204102,AYUNTAMIENTO DE BACAICOA-BAKAIKU,44,0,"",udala@bakaiku.eus,LOTE 02,10,IdEspecie,Haya,5,Leña,"862,70",PEFC,2021-01-18T00:00:00,
149,3120204102,AYUNTAMIENTO DE BACAICOA-BAKAIKU,44,0,"",udala@bakaiku.eus,LOTE 02,10,IdEspecie,Haya,2,Madera,"78,80",PEFC,2021-01-18T00:00:00,
150,3120204102,AYUNTAMIENTO DE BACAICOA-BAKAIKU,44,0,"",udala@bakaiku.eus,LOTE 03,10,IdEspecie,Haya,5,Leña,"1293,00",PEFC,2021-01-18T00:00:00,
151,3120204104,CONCEJO DE ARRARAS-ARRARATS,49,40,ARRARATS,udala@basaburua.eus,LOTE 01,10,IdEspecie,Haya,2,Madera,"224,70",PEFC,2020-12-22T00:00:00,2021-04-15T00:00:00
152,3120204104,CONCEJO DE ARRARAS-ARRARATS,49,40,ARRARATS,udala@basaburua.eus,LOTE 01,10,IdEspecie,Haya,6,Tronquillo,"1903,30",PEFC,2020-12-22T00:00:00,2021-04-15T00:00:00
153,3120204108,AYUNTAMIENTO DE EL BUSTO,61,0,"", ,LOTE 01,14,IdEspecie,Pino alepo,2,Madera,"153,50","",2021-08-09T00:00:00,
154,3120204108,AYUNTAMIENTO DE EL BUSTO,61,0,"", ,LOTE 01,14,IdEspecie,Pino alepo,6,Tronquillo,"314,14","",2021-08-09T00:00:00,
155,3120204114,AYUNTAMIENTO DE ORBAIZETA,195,0,"",info@orbaizeta.com,LOTE 01,10,IdEspecie,Haya,2,Madera,"298,00",PEFC,2021-09-03T00:00:00,2021-05-31T00:00:00
156,3120204114,AYUNTAMIENTO DE ORBAIZETA,195,0,"",info@orbaizeta.com,LOTE 01,10,IdEspecie,Haya,6,Tronquillo,"2001,00",PEFC,2021-09-03T00:00:00,2021-05-31T00:00:00
157,3120204115,CONCEJO DE ZURUCUAIN,260,345,ZURUCUÁIN,"",LOTE 01,8,IdEspecie,Chopo,5,Leña,"26,00",PEFC,2021-04-20T00:00:00,2022-01-31T00:00:00
158,3120204115,CONCEJO DE ZURUCUAIN,260,345,ZURUCUÁIN,"",LOTE 01,8,IdEspecie,Chopo,2,Madera,"865,90",PEFC,2021-04-20T00:00:00,2022-01-31T00:00:00
159,3120204123,CONCEJO DE TORRANO-DORRAO,91,347,DORRAO/TORRANO,idazkaritza@ergoiena.com,LOTE 01,10,IdEspecie,Haya,5,Leña,"297,70",PEFC,2021-01-18T00:00:00,2021-09-04T00:00:00
160,3120204123,CONCEJO DE TORRANO-DORRAO,91,347,DORRAO/TORRANO,idazkaritza@ergoiena.com,LOTE 01,20,IdEspecie,Roble Albar,5,Leña,"2029,50",PEFC,2021-01-18T00:00:00,2021-09-04T00:00:00
161,3120204123,CONCEJO DE TORRANO-DORRAO,91,347,DORRAO/TORRANO,idazkaritza@ergoiena.com,LOTE 01,20,IdEspecie,Roble Albar,2,Madera,"2267,90",PEFC,2021-01-18T00:00:00,2021-09-04T00:00:00
162,3120204125,CONCEJO DE OLCOZ,56,255,OLCOZ, ,LOTE 01,15,IdEspecie,Pino laricio (austria),7,Varios productos,"1638,69",PEFC,2021-07-16T00:00:00,2022-11-01T00:00:00
163,3120204127,AYUNTAMIENTO DE IGANTZI,259,0,"",idazkari@igantzi.eus,LOTE 02,4,IdEspecie,Acacia,6,Tronquillo,"5,53",PEFC,2021-09-14T00:00:00,2021-02-15T00:00:00
164,3120204127,AYUNTAMIENTO DE IGANTZI,259,0,"",idazkari@igantzi.eus,LOTE 11,5,IdEspecie,Alerce,6,Tronquillo,"0,00",PEFC,2021-09-14T00:00:00,
165,3120204127,AYUNTAMIENTO DE IGANTZI,259,0,"",idazkari@igantzi.eus,LOTE 12,22,IdEspecie,Roble Americano,2,Madera,"117,45",PEFC,2021-09-14T00:00:00,2022-02-15T00:00:00
166,3120204127,AYUNTAMIENTO DE IGANTZI,259,0,"",idazkari@igantzi.eus,LOTE 13,17,IdEspecie,Pino radiata,2,Madera,"24,34",PEFC,2021-09-14T00:00:00,
167,3120204127,AYUNTAMIENTO DE IGANTZI,259,0,"",idazkari@igantzi.eus,LOTE 13,22,IdEspecie,Roble Americano,2,Madera,"99,71",PEFC,2021-09-14T00:00:00,
168,3120204127,AYUNTAMIENTO DE IGANTZI,259,0,"",idazkari@igantzi.eus,LOTE 13,22,IdEspecie,Roble Americano,6,Tronquillo,"299,18",PEFC,2021-09-14T00:00:00,
169,3120204132,AYUNTAMIENTO DE ABERIN,5,0,"",ayuntamiento@aberin.es,LOTE 01,8,IdEspecie,Chopo,2,Madera,"150,54","",2021-01-18T00:00:00,2021-05-20T00:00:00
170,3120204134,AYUNTAMIENTO DE VALCARLOS,248,0,"",luzaide-valcarlos@wanadoo.es,LOTE 01,10,IdEspecie,Haya,2,Madera,"643,95",PEFC,2022-01-03T00:00:00,
171,3120204134,AYUNTAMIENTO DE VALCARLOS,248,0,"",luzaide-valcarlos@wanadoo.es,LOTE 01,10,IdEspecie,Haya,6,Tronquillo,"848,90",PEFC,2022-01-03T00:00:00,
172,3120204142,CONCEJO DE ARRIBE-ATALLU,20,42,ARRIBE-ATALLU,aitzilope@gmail.com,LOTE 01,17,IdEspecie,Pino radiata,2,Madera,"139,50","",2021-06-29T00:00:00,2022-05-23T00:00:00
173,3120204142,CONCEJO DE ARRIBE-ATALLU,20,42,ARRIBE-ATALLU,aitzilope@gmail.com,LOTE 01,17,IdEspecie,Pino radiata,6,Tronquillo,"129,30","",2021-06-29T00:00:00,2022-05-23T00:00:00
174,3120204142,CONCEJO DE ARRIBE-ATALLU,20,42,ARRIBE-ATALLU,aitzilope@gmail.com,LOTE 01,22,IdEspecie,Roble Americano,2,Madera,"25,40","",2021-06-29T00:00:00,2022-05-23T00:00:00
175,3120204142,CONCEJO DE ARRIBE-ATALLU,20,42,ARRIBE-ATALLU,aitzilope@gmail.com,LOTE 01,22,IdEspecie,Roble Americano,6,Tronquillo,"163,40","",2021-06-29T00:00:00,2022-05-23T00:00:00
176,3120204144,CONCEJO DE ROCAFORTE,216,280,ROCAFORTE,crocaforte@can.es,LOTE 01,15,IdEspecie,Pino laricio (austria),6,Tronquillo,"1167,00",PEFC,2020-11-17T00:00:00,2021-03-23T00:00:00
177,3120204144,CONCEJO DE ROCAFORTE,216,280,ROCAFORTE,crocaforte@can.es,LOTE 01,15,IdEspecie,Pino laricio (austria),7,Varios productos,"292,00",PEFC,2020-11-17T00:00:00,2021-03-23T00:00:00
178,3120204145,AYUNTAMIENTO DE ESTERIBAR,98,0,"",ayuntamiento@esteribar.org,LOTE 01,18,IdEspecie,Pino silvestre,2,Madera,"1269,00","",2021-07-29T00:00:00,
179,3120204147,CONCEJO DE ERRAZQUIN-ERRAZKIN,144,119,ERRAZKIN,kontzejuaerrazkin@gmail.com,LOTE 01,17,IdEspecie,Pino radiata,2,Madera,"156,40",PEFC,2021-07-16T00:00:00,2022-09-02T00:00:00
180,3120204147,CONCEJO DE ERRAZQUIN-ERRAZKIN,144,119,ERRAZKIN,kontzejuaerrazkin@gmail.com,LOTE 01,17,IdEspecie,Pino radiata,6,Tronquillo,"177,90",PEFC,2021-07-16T00:00:00,2022-09-02T00:00:00
181,3120204147,CONCEJO DE ERRAZQUIN-ERRAZKIN,144,119,ERRAZKIN,kontzejuaerrazkin@gmail.com,LOTE 01,22,IdEspecie,Roble Americano,2,Madera,"4,10",PEFC,2021-07-16T00:00:00,2022-09-02T00:00:00
182,3120204147,CONCEJO DE ERRAZQUIN-ERRAZKIN,144,119,ERRAZKIN,kontzejuaerrazkin@gmail.com,LOTE 01,22,IdEspecie,Roble Americano,6,Tronquillo,"26,00",PEFC,2021-07-16T00:00:00,2022-09-02T00:00:00
183,3120204147,CONCEJO DE ERRAZQUIN-ERRAZKIN,144,119,ERRAZKIN,kontzejuaerrazkin@gmail.com,LOTE 02,17,IdEspecie,Pino radiata,2,Madera,"16,20",PEFC,2021-07-16T00:00:00,2022-09-02T00:00:00
184,3120204147,CONCEJO DE ERRAZQUIN-ERRAZKIN,144,119,ERRAZKIN,kontzejuaerrazkin@gmail.com,LOTE 02,17,IdEspecie,Pino radiata,6,Tronquillo,"17,70",PEFC,2021-07-16T00:00:00,2022-09-02T00:00:00
185,3120204147,CONCEJO DE ERRAZQUIN-ERRAZKIN,144,119,ERRAZKIN,kontzejuaerrazkin@gmail.com,LOTE 02,22,IdEspecie,Roble Americano,2,Madera,"102,40",PEFC,2021-07-16T00:00:00,2022-09-02T00:00:00
186,3120204147,CONCEJO DE ERRAZQUIN-ERRAZKIN,144,119,ERRAZKIN,kontzejuaerrazkin@gmail.com,LOTE 02,22,IdEspecie,Roble Americano,6,Tronquillo,"232,10",PEFC,2021-07-16T00:00:00,2022-09-02T00:00:00
187,3120204148,JUNTA DEL MONTE LIMITACIONES DE LAS AMESCOAS,523,0,"",juntalimitaciones@amescoa.com,LOTE 01,10,IdEspecie,Haya,6,Tronquillo,"385,10",PEFC,2021-01-18T00:00:00,2021-12-04T00:00:00
188,3120204149,AYUNTAMIENTO DE AMESCOA BAJA,13,0,"",ayuntamiento@amescoabaja.org,LOTE 01,15,IdEspecie,Pino laricio (austria),2,Madera,"169,00",PEFC,2022-08-02T00:00:00,
189,3120204149,AYUNTAMIENTO DE AMESCOA BAJA,13,0,"",ayuntamiento@amescoabaja.org,LOTE 01,15,IdEspecie,Pino laricio (austria),6,Tronquillo,"244,00",PEFC,2022-08-02T00:00:00,
190,3120204149,AYUNTAMIENTO DE AMESCOA BAJA,13,0,"",ayuntamiento@amescoabaja.org,LOTE 02,10,IdEspecie,Haya,6,Tronquillo,"2844,20",PEFC,2022-08-02T00:00:00,
191,3120204153,AYUNTAMIENTO DE URROTZ,244,0,"",udala@urrotz.eus,LOTE 01,22,IdEspecie,Roble Americano,2,Madera,"53,06",PEFC,2020-12-29T00:00:00,2021-03-05T00:00:00
192,3120204155,AYUNTAMIENTO DE LEGARIA,148,0,"",ayto.legaria@terra.es,LOTE 01,8,IdEspecie,Chopo,2,Madera,"153,56",PEFC,2021-05-20T00:00:00,2021-08-19T00:00:00
193,3120204156,CONCEJO DE AZPIROZ LEZAETA-AZPIROTZ,144,71,AZPIROTZ,info@larraun.eus,LOTE 01,10,IdEspecie,Haya,6,Tronquillo,"189,40",PEFC,2021-09-02T00:00:00,2021-06-16T00:00:00
194,3120204156,CONCEJO DE AZPIROZ LEZAETA-AZPIROTZ,144,71,AZPIROTZ,info@larraun.eus,LOTE 01,22,IdEspecie,Roble Americano,2,Madera,"676,00",PEFC,2021-09-02T00:00:00,2021-06-16T00:00:00
195,3120204156,CONCEJO DE AZPIROZ LEZAETA-AZPIROTZ,144,71,AZPIROTZ,info@larraun.eus,LOTE 01,22,IdEspecie,Roble Americano,6,Tronquillo,"805,90",PEFC,2021-09-02T00:00:00,2021-06-16T00:00:00
196,3120204162,AYUNTAMIENTO DE MENDAVIA,165,0,"",ayuntamiento@mendavia.org,LOTE 01,8,IdEspecie,Chopo,5,Leña,"69,49",PEFC,2021-04-13T00:00:00,2021-08-16T00:00:00
197,3120204162,AYUNTAMIENTO DE MENDAVIA,165,0,"",ayuntamiento@mendavia.org,LOTE 01,8,IdEspecie,Chopo,2,Madera,"2316,57",PEFC,2021-04-13T00:00:00,2021-08-16T00:00:00
198,3120204164,AYUNTAMIENTO DE OLAZAGUTIA-OLAZTI,189,0,"",olazti@olazti.com,LOTE 01,10,IdEspecie,Haya,2,Madera,"294,10",PEFC,2020-11-20T00:00:00,2021-12-03T00:00:00
199,3120204164,AYUNTAMIENTO DE OLAZAGUTIA-OLAZTI,189,0,"",olazti@olazti.com,LOTE 01,10,IdEspecie,Haya,6,Tronquillo,"514,70",PEFC,2020-11-20T00:00:00,2021-12-03T00:00:00
200,3120204164,AYUNTAMIENTO DE OLAZAGUTIA-OLAZTI,189,0,"",olazti@olazti.com,LOTE 01,22,IdEspecie,Roble Americano,2,Madera,"12,80",PEFC,2020-11-20T00:00:00,2021-12-03T00:00:00
201,3120204164,AYUNTAMIENTO DE OLAZAGUTIA-OLAZTI,189,0,"",olazti@olazti.com,LOTE 01,22,IdEspecie,Roble Americano,6,Tronquillo,"20,00",PEFC,2020-11-20T00:00:00,2021-12-03T00:00:00
202,3120204164,AYUNTAMIENTO DE OLAZAGUTIA-OLAZTI,189,0,"",olazti@olazti.com,LOTE 01,21,IdEspecie,Roble Común,2,Madera,"72,70",PEFC,2020-11-20T00:00:00,2021-12-03T00:00:00
203,3120204164,AYUNTAMIENTO DE OLAZAGUTIA-OLAZTI,189,0,"",olazti@olazti.com,LOTE 01,21,IdEspecie,Roble Común,6,Tronquillo,"99,20",PEFC,2020-11-20T00:00:00,2021-12-03T00:00:00
204,3120204165,AYUNTAMIENTO DE ULTZAMA,236,0,"",ayuntamiento@ultzama.es,LOTE 01,10,IdEspecie,Haya,2,Madera,"37,50",PEFC,2021-04-27T00:00:00,2021-06-30T00:00:00
205,3120204165,AYUNTAMIENTO DE ULTZAMA,236,0,"",ayuntamiento@ultzama.es,LOTE 01,10,IdEspecie,Haya,6,Tronquillo,"271,40",PEFC,2021-04-27T00:00:00,2021-06-30T00:00:00
206,3120204168,AYUNTAMIENTO DE LANZ-LANTZ,140,0,"",secretaria@anue.es,LOTE 01,10,IdEspecie,Haya,2,Madera,"101,90",PEFC,2021-03-23T00:00:00,2021-07-06T00:00:00
207,3120204168,AYUNTAMIENTO DE LANZ-LANTZ,140,0,"",secretaria@anue.es,LOTE 01,10,IdEspecie,Haya,6,Tronquillo,"1172,20",PEFC,2021-03-23T00:00:00,2021-07-06T00:00:00
208,3120204168,AYUNTAMIENTO DE LANZ-LANTZ,140,0,"",secretaria@anue.es,LOTE 02,10,IdEspecie,Haya,2,Madera,"29,40",PEFC,2021-03-23T00:00:00,2021-01-06T00:00:00
209,3120204168,AYUNTAMIENTO DE LANZ-LANTZ,140,0,"",secretaria@anue.es,LOTE 02,10,IdEspecie,Haya,6,Tronquillo,"516,90",PEFC,2021-03-23T00:00:00,2021-01-06T00:00:00
210,3120204170,CONCEJO DE VILLANUEVA DE ARCE,28,324,VILLANUEVA DE ARCE <> HIRIBERRI-ARTZIBAR,"",LOTE 01,10,IdEspecie,Haya,5,Leña,"1301,00",PEFC,2021-06-08T00:00:00,2022-04-28T00:00:00
211,3120204170,CONCEJO DE VILLANUEVA DE ARCE,28,324,VILLANUEVA DE ARCE <> HIRIBERRI-ARTZIBAR,"",LOTE 01,10,IdEspecie,Haya,2,Madera,"145,00",PEFC,2021-06-08T00:00:00,2022-04-28T00:00:00
212,3120204171,AYUNTAMIENTO DE BAZTAN,50,0,"",baztan@baztan.eus,LOTE 01,5,IdEspecie,Alerce,5,Leña,"131,60",PEFC,2021-06-16T00:00:00,2021-10-19T00:00:00
213,3120204171,AYUNTAMIENTO DE BAZTAN,50,0,"",baztan@baztan.eus,LOTE 01,5,IdEspecie,Alerce,2,Madera,"131,60",PEFC,2021-06-16T00:00:00,2021-10-19T00:00:00
214,3120204171,AYUNTAMIENTO DE BAZTAN,50,0,"",baztan@baztan.eus,LOTE 01,10,IdEspecie,Haya,2,Madera,"36,10",PEFC,2021-06-16T00:00:00,2021-10-19T00:00:00
215,3120204171,AYUNTAMIENTO DE BAZTAN,50,0,"",baztan@baztan.eus,LOTE 01,10,IdEspecie,Haya,6,Tronquillo,"36,20",PEFC,2021-06-16T00:00:00,2021-10-19T00:00:00
216,3120204173,JUNTA DEL MONTE LIMITACIONES DE LAS AMESCOAS,523,0,"",juntalimitaciones@amescoa.com,LOTE 01,10,IdEspecie,Haya,2,Madera,"618,90",PEFC,2021-02-26T00:00:00,2021-06-23T00:00:00
217,3120204173,JUNTA DEL MONTE LIMITACIONES DE LAS AMESCOAS,523,0,"",juntalimitaciones@amescoa.com,LOTE 01,10,IdEspecie,Haya,6,Tronquillo,"587,20",PEFC,2021-02-26T00:00:00,2021-06-23T00:00:00
218,3120204173,JUNTA DEL MONTE LIMITACIONES DE LAS AMESCOAS,523,0,"",juntalimitaciones@amescoa.com,LOTE 02,10,IdEspecie,Haya,2,Madera,"709,80",PEFC,2021-02-26T00:00:00,2021-06-23T00:00:00
219,3120204173,JUNTA DEL MONTE LIMITACIONES DE LAS AMESCOAS,523,0,"",juntalimitaciones@amescoa.com,LOTE 02,10,IdEspecie,Haya,6,Tronquillo,"782,60",PEFC,2021-02-26T00:00:00,2021-06-23T00:00:00
220,3120204173,JUNTA DEL MONTE LIMITACIONES DE LAS AMESCOAS,523,0,"",juntalimitaciones@amescoa.com,LOTE 03,10,IdEspecie,Haya,2,Madera,"518,00",PEFC,2021-02-26T00:00:00,2021-06-23T00:00:00
221,3120204173,JUNTA DEL MONTE LIMITACIONES DE LAS AMESCOAS,523,0,"",juntalimitaciones@amescoa.com,LOTE 03,10,IdEspecie,Haya,6,Tronquillo,"846,30",PEFC,2021-02-26T00:00:00,2021-06-23T00:00:00
222,3120204173,JUNTA DEL MONTE LIMITACIONES DE LAS AMESCOAS,523,0,"",juntalimitaciones@amescoa.com,LOTE 04,10,IdEspecie,Haya,2,Madera,"504,00",PEFC,2021-02-26T00:00:00,2021-06-23T00:00:00
223,3120204173,JUNTA DEL MONTE LIMITACIONES DE LAS AMESCOAS,523,0,"",juntalimitaciones@amescoa.com,LOTE 04,10,IdEspecie,Haya,6,Tronquillo,"654,60",PEFC,2021-02-26T00:00:00,2021-06-23T00:00:00
224,3120204173,JUNTA DEL MONTE LIMITACIONES DE LAS AMESCOAS,523,0,"",juntalimitaciones@amescoa.com,LOTE 05,10,IdEspecie,Haya,2,Madera,"424,30",PEFC,2021-02-26T00:00:00,2021-06-23T00:00:00
225,3120204173,JUNTA DEL MONTE LIMITACIONES DE LAS AMESCOAS,523,0,"",juntalimitaciones@amescoa.com,LOTE 05,10,IdEspecie,Haya,6,Tronquillo,"2160,90",PEFC,2021-02-26T00:00:00,2021-06-23T00:00:00
226,3120204173,JUNTA DEL MONTE LIMITACIONES DE LAS AMESCOAS,523,0,"",juntalimitaciones@amescoa.com,LOTE 06,10,IdEspecie,Haya,2,Madera,"296,90",PEFC,2021-02-26T00:00:00,2021-06-23T00:00:00
227,3120204173,JUNTA DEL MONTE LIMITACIONES DE LAS AMESCOAS,523,0,"",juntalimitaciones@amescoa.com,LOTE 06,10,IdEspecie,Haya,6,Tronquillo,"990,20",PEFC,2021-02-26T00:00:00,2021-06-23T00:00:00
228,3120204173,JUNTA DEL MONTE LIMITACIONES DE LAS AMESCOAS,523,0,"",juntalimitaciones@amescoa.com,LOTE 07,10,IdEspecie,Haya,2,Madera,"818,50",PEFC,2021-02-26T00:00:00,2021-06-23T00:00:00
229,3120204173,JUNTA DEL MONTE LIMITACIONES DE LAS AMESCOAS,523,0,"",juntalimitaciones@amescoa.com,LOTE 07,10,IdEspecie,Haya,6,Tronquillo,"1095,40",PEFC,2021-02-26T00:00:00,2021-06-23T00:00:00
230,3120204174,CONCEJO DE TIEBAS,228,300,TIEBAS (CAPITAL),admin@concejodetiebas.com,LOTE 01,8,IdEspecie,Chopo,6,Tronquillo,"274,63",PEFC,2021-07-16T00:00:00,2021-12-13T00:00:00
231,3120204175,AYUNTAMIENTO DE CASTILLONUEVO,71,0,"",navascues@ayuntamientodenavascues.net,LOTE 01,18,IdEspecie,Pino silvestre,2,Madera,"472,00",PEFC,2020-12-18T00:00:00,2021-12-15T00:00:00
232,3120204175,AYUNTAMIENTO DE CASTILLONUEVO,71,0,"",navascues@ayuntamientodenavascues.net,LOTE 01,18,IdEspecie,Pino silvestre,6,Tronquillo,"640,00",PEFC,2020-12-18T00:00:00,2021-12-15T00:00:00
233,3120204177,AYUNTAMIENTO DE ESTERIBAR,98,0,"",ayuntamiento@esteribar.org,LOTE 01,18,IdEspecie,Pino silvestre,2,Madera,"1947,00",PEFC,2022-03-18T00:00:00,2022-09-13T00:00:00
234,3120204177,AYUNTAMIENTO DE ESTERIBAR,98,0,"",ayuntamiento@esteribar.org,LOTE 01,18,IdEspecie,Pino silvestre,6,Tronquillo,"4543,00",PEFC,2022-03-18T00:00:00,2022-09-13T00:00:00
235,3120204179,AYUNTAMIENTO DE EZCAROZ,93,0,"",ayuntamiento@ezcaroz.es,LOTE 01,18,IdEspecie,Pino silvestre,2,Madera,"2050,00",PEFC,2022-03-22T00:00:00,2022-06-20T00:00:00
236,3120204179,AYUNTAMIENTO DE EZCAROZ,93,0,"",ayuntamiento@ezcaroz.es,LOTE 01,18,IdEspecie,Pino silvestre,6,Tronquillo,"648,00",PEFC,2022-03-22T00:00:00,2022-06-20T00:00:00
237,3120204181,AYUNTAMIENTO DE PIEDRAMILLERA,204,0,"",piedramiller@jazzfree.com,LOTE 01,14,IdEspecie,Pino alepo,2,Madera,"46,84","",2022-09-08T00:00:00,
238,3120204181,AYUNTAMIENTO DE PIEDRAMILLERA,204,0,"",piedramiller@jazzfree.com,LOTE 01,14,IdEspecie,Pino alepo,6,Tronquillo,"56,22","",2022-09-08T00:00:00,
239,3120214001,AYUNTAMIENTO DE ELGORRIAGA,87,0,"",elgorriaga@infolocal.org,LOTE 01,22,IdEspecie,Roble Americano,2,Madera,"204,60",PEFC,2021-09-14T00:00:00,2022-02-18T00:00:00
240,3120214001,AYUNTAMIENTO DE ELGORRIAGA,87,0,"",elgorriaga@infolocal.org,LOTE 01,22,IdEspecie,Roble Americano,6,Tronquillo,"178,88",PEFC,2021-09-14T00:00:00,2022-02-18T00:00:00
241,3120214003,JUNTA GENERAL DEL VALLE RONCAL,210,0,"",juntageneral@vallederoncal.es,LOTE 01,10,IdEspecie,Haya,5,Leña,"948,00",PEFC,2022-06-28T00:00:00,2022-08-17T00:00:00
242,3120214003,JUNTA GENERAL DEL VALLE RONCAL,210,0,"",juntageneral@vallederoncal.es,LOTE 01,10,IdEspecie,Haya,2,Madera,"61,00",PEFC,2022-06-28T00:00:00,2022-08-17T00:00:00
243,3120214003,JUNTA GENERAL DEL VALLE RONCAL,210,0,"",juntageneral@vallederoncal.es,LOTE 01,18,IdEspecie,Pino silvestre,2,Madera,"2222,00",PEFC,2022-06-28T00:00:00,2022-08-17T00:00:00
244,3120214003,JUNTA GENERAL DEL VALLE RONCAL,210,0,"",juntageneral@vallederoncal.es,LOTE 01,18,IdEspecie,Pino silvestre,6,Tronquillo,"792,00",PEFC,2022-06-28T00:00:00,2022-08-17T00:00:00
245,3120214003,JUNTA GENERAL DEL VALLE RONCAL,210,0,"",juntageneral@vallederoncal.es,LOTE 02,18,IdEspecie,Pino silvestre,7,Varios productos,"12358,00",PEFC,2022-06-28T00:00:00,2022-08-17T00:00:00
246,3120214005,CONCEJO DE TORRANO-DORRAO,91,347,DORRAO/TORRANO,idazkaritza@ergoiena.com,LOTE 01,10,IdEspecie,Haya,2,Madera,"835,10",PEFC,2021-06-29T00:00:00,2021-12-28T00:00:00
247,3120214005,CONCEJO DE TORRANO-DORRAO,91,347,DORRAO/TORRANO,idazkaritza@ergoiena.com,LOTE 01,10,IdEspecie,Haya,6,Tronquillo,"1918,50",PEFC,2021-06-29T00:00:00,2021-12-28T00:00:00
248,3120214007,AYUNTAMIENTO DE BEINTZA-LABAIEN,137,0,"",udala@labaien.org,LOTE 01,10,IdEspecie,Haya,2,Madera,"1544,76",PEFC,2021-12-28T00:00:00,2022-10-18T00:00:00
249,3120214007,AYUNTAMIENTO DE BEINTZA-LABAIEN,137,0,"",udala@labaien.org,LOTE 01,10,IdEspecie,Haya,6,Tronquillo,"1888,04",PEFC,2021-12-28T00:00:00,2022-10-18T00:00:00
250,3120214007,AYUNTAMIENTO DE BEINTZA-LABAIEN,137,0,"",udala@labaien.org,LOTE 02,12,IdEspecie,Otras conif.,2,Madera,"1804,69",PEFC,2021-12-28T00:00:00,2022-04-20T00:00:00
251,3120214007,AYUNTAMIENTO DE BEINTZA-LABAIEN,137,0,"",udala@labaien.org,LOTE 02,12,IdEspecie,Otras conif.,6,Tronquillo,"1757,46",PEFC,2021-12-28T00:00:00,2022-04-20T00:00:00
252,3120214009,CONCEJO DE EUGUI-EUGI,98,132,EUGI,concejodeeugi@gmail.com,LOTE 01,10,IdEspecie,Haya,2,Madera,"378,00",PEFC,2022-01-28T00:00:00,2022-11-02T00:00:00
253,3120214009,CONCEJO DE EUGUI-EUGI,98,132,EUGI,concejodeeugi@gmail.com,LOTE 01,10,IdEspecie,Haya,6,Tronquillo,"1071,00",PEFC,2022-01-28T00:00:00,2022-11-02T00:00:00
254,3120214012,JUNTA ADMINISTRATIVA MONTES BIDASOA Y BERROARÁN,587,0,"",esaezdejauregui@doneztebe.es,LOTE 01,17,IdEspecie,Pino radiata,2,Madera,"4313,59",PEFC,2021-07-16T00:00:00,2021-10-19T00:00:00
255,3120214012,JUNTA ADMINISTRATIVA MONTES BIDASOA Y BERROARÁN,587,0,"",esaezdejauregui@doneztebe.es,LOTE 01,17,IdEspecie,Pino radiata,6,Tronquillo,"534,73",PEFC,2021-07-16T00:00:00,2021-10-19T00:00:00
256,3120214012,JUNTA ADMINISTRATIVA MONTES BIDASOA Y BERROARÁN,587,0,"",esaezdejauregui@doneztebe.es,LOTE 02,5,IdEspecie,Alerce,2,Madera,"110,28",PEFC,2021-07-16T00:00:00,2021-08-30T00:00:00
257,3120214012,JUNTA ADMINISTRATIVA MONTES BIDASOA Y BERROARÁN,587,0,"",esaezdejauregui@doneztebe.es,LOTE 02,5,IdEspecie,Alerce,6,Tronquillo,"27,57",PEFC,2021-07-16T00:00:00,2021-08-30T00:00:00
258,3120214014,AYUNTAMIENTO DE OLAZAGUTIA-OLAZTI,189,0,"",olazti@olazti.com,LOTE 01,10,IdEspecie,Haya,5,Leña,"1072,40",PEFC,2021-09-14T00:00:00,
259,3120214014,AYUNTAMIENTO DE OLAZAGUTIA-OLAZTI,189,0,"",olazti@olazti.com,LOTE 01,10,IdEspecie,Haya,2,Madera,"383,90",PEFC,2021-09-14T00:00:00,
260,3120214014,AYUNTAMIENTO DE OLAZAGUTIA-OLAZTI,189,0,"",olazti@olazti.com,LOTE 01,20,IdEspecie,Roble Albar,5,Leña,"12,90",PEFC,2021-09-14T00:00:00,
261,3120214014,AYUNTAMIENTO DE OLAZAGUTIA-OLAZTI,189,0,"",olazti@olazti.com,LOTE 02,5,IdEspecie,Alerce,2,Madera,"96,00",PEFC,2021-09-14T00:00:00,
262,3120214014,AYUNTAMIENTO DE OLAZAGUTIA-OLAZTI,189,0,"",olazti@olazti.com,LOTE 02,10,IdEspecie,Haya,5,Leña,"121,20",PEFC,2021-09-14T00:00:00,
263,3120214014,AYUNTAMIENTO DE OLAZAGUTIA-OLAZTI,189,0,"",olazti@olazti.com,LOTE 02,10,IdEspecie,Haya,2,Madera,"851,40",PEFC,2021-09-14T00:00:00,
264,3120214014,AYUNTAMIENTO DE OLAZAGUTIA-OLAZTI,189,0,"",olazti@olazti.com,LOTE 02,10,IdEspecie,Haya,6,Tronquillo,"2768,40",PEFC,2021-09-14T00:00:00,
265,3120214014,AYUNTAMIENTO DE OLAZAGUTIA-OLAZTI,189,0,"",olazti@olazti.com,LOTE 02,20,IdEspecie,Roble Albar,6,Tronquillo,"14,00",PEFC,2021-09-14T00:00:00,
266,3120214014,AYUNTAMIENTO DE OLAZAGUTIA-OLAZTI,189,0,"",olazti@olazti.com,LOTE 03,10,IdEspecie,Haya,6,Tronquillo,"1201,00",PEFC,2021-09-14T00:00:00,
267,3120214018,JUNTA DEL MONTE LIMITACIONES DE LAS AMESCOAS,523,0,"",juntalimitaciones@amescoa.com,LOTE 01,10,IdEspecie,Haya,2,Madera,"614,20",PEFC,2022-05-04T00:00:00,2022-01-09T00:00:00
268,3120214018,JUNTA DEL MONTE LIMITACIONES DE LAS AMESCOAS,523,0,"",juntalimitaciones@amescoa.com,LOTE 01,10,IdEspecie,Haya,6,Tronquillo,"731,30",PEFC,2022-05-04T00:00:00,2022-01-09T00:00:00
269,3120214018,JUNTA DEL MONTE LIMITACIONES DE LAS AMESCOAS,523,0,"",juntalimitaciones@amescoa.com,LOTE 02,10,IdEspecie,Haya,2,Madera,"227,40",PEFC,2022-05-04T00:00:00,2022-01-09T00:00:00
270,3120214018,JUNTA DEL MONTE LIMITACIONES DE LAS AMESCOAS,523,0,"",juntalimitaciones@amescoa.com,LOTE 02,10,IdEspecie,Haya,6,Tronquillo,"927,40",PEFC,2022-05-04T00:00:00,2022-01-09T00:00:00
271,3120214018,JUNTA DEL MONTE LIMITACIONES DE LAS AMESCOAS,523,0,"",juntalimitaciones@amescoa.com,LOTE 03,10,IdEspecie,Haya,2,Madera,"58,10",PEFC,2022-05-04T00:00:00,2022-01-09T00:00:00
272,3120214018,JUNTA DEL MONTE LIMITACIONES DE LAS AMESCOAS,523,0,"",juntalimitaciones@amescoa.com,LOTE 03,10,IdEspecie,Haya,6,Tronquillo,"533,60",PEFC,2022-05-04T00:00:00,2022-01-09T00:00:00
273,3120214018,JUNTA DEL MONTE LIMITACIONES DE LAS AMESCOAS,523,0,"",juntalimitaciones@amescoa.com,LOTE 04,10,IdEspecie,Haya,2,Madera,"44,10",PEFC,2022-05-04T00:00:00,2022-01-09T00:00:00
274,3120214018,JUNTA DEL MONTE LIMITACIONES DE LAS AMESCOAS,523,0,"",juntalimitaciones@amescoa.com,LOTE 04,10,IdEspecie,Haya,6,Tronquillo,"692,00",PEFC,2022-05-04T00:00:00,2022-01-09T00:00:00
275,3120214018,JUNTA DEL MONTE LIMITACIONES DE LAS AMESCOAS,523,0,"",juntalimitaciones@amescoa.com,LOTE 05,10,IdEspecie,Haya,6,Tronquillo,"1228,60",PEFC,2022-05-04T00:00:00,2022-01-09T00:00:00
276,3120214018,JUNTA DEL MONTE LIMITACIONES DE LAS AMESCOAS,523,0,"",juntalimitaciones@amescoa.com,LOTE 06,10,IdEspecie,Haya,6,Tronquillo,"844,70",PEFC,2022-05-04T00:00:00,2022-01-09T00:00:00
277,3120214018,JUNTA DEL MONTE LIMITACIONES DE LAS AMESCOAS,523,0,"",juntalimitaciones@amescoa.com,LOTE 07,10,IdEspecie,Haya,2,Madera,"510,90",PEFC,2022-05-04T00:00:00,2022-01-09T00:00:00
278,3120214018,JUNTA DEL MONTE LIMITACIONES DE LAS AMESCOAS,523,0,"",juntalimitaciones@amescoa.com,LOTE 07,10,IdEspecie,Haya,6,Tronquillo,"1081,40",PEFC,2022-05-04T00:00:00,2022-01-09T00:00:00
279,3120214018,JUNTA DEL MONTE LIMITACIONES DE LAS AMESCOAS,523,0,"",juntalimitaciones@amescoa.com,LOTE 08,10,IdEspecie,Haya,2,Madera,"594,80",PEFC,2022-05-04T00:00:00,2022-01-09T00:00:00
280,3120214018,JUNTA DEL MONTE LIMITACIONES DE LAS AMESCOAS,523,0,"",juntalimitaciones@amescoa.com,LOTE 08,10,IdEspecie,Haya,6,Tronquillo,"1170,80",PEFC,2022-05-04T00:00:00,2022-01-09T00:00:00
281,3120214018,JUNTA DEL MONTE LIMITACIONES DE LAS AMESCOAS,523,0,"",juntalimitaciones@amescoa.com,LOTE 09,10,IdEspecie,Haya,2,Madera,"150,60",PEFC,2022-05-04T00:00:00,2022-01-09T00:00:00
282,3120214018,JUNTA DEL MONTE LIMITACIONES DE LAS AMESCOAS,523,0,"",juntalimitaciones@amescoa.com,LOTE 09,10,IdEspecie,Haya,6,Tronquillo,"1221,70",PEFC,2022-05-04T00:00:00,2022-01-09T00:00:00
283,3120214021,CONCEJO DE URBIOLA,125,313,URBIOLA, ,LOTE 01,14,IdEspecie,Pino alepo,2,Madera,"58,00","",2021-09-12T00:00:00,
284,3120214022,AYUNTAMIENTO DE JAURRIETA,134,0,"",ayjaurrieta.3008@cajarural.com,LOTE 01,5,IdEspecie,Alerce,2,Madera,"159,00",PEFC,2021-06-18T00:00:00,2022-01-27T00:00:00
285,3120214022,AYUNTAMIENTO DE JAURRIETA,134,0,"",ayjaurrieta.3008@cajarural.com,LOTE 01,5,IdEspecie,Alerce,6,Tronquillo,"40,00",PEFC,2021-06-18T00:00:00,2022-01-27T00:00:00
286,3120214022,AYUNTAMIENTO DE JAURRIETA,134,0,"",ayjaurrieta.3008@cajarural.com,LOTE 01,10,IdEspecie,Haya,6,Tronquillo,"5862,00",PEFC,2021-06-18T00:00:00,2022-01-27T00:00:00
287,3120214022,AYUNTAMIENTO DE JAURRIETA,134,0,"",ayjaurrieta.3008@cajarural.com,LOTE 01,18,IdEspecie,Pino silvestre,2,Madera,"1930,00",PEFC,2021-06-18T00:00:00,2022-01-27T00:00:00
288,3120214022,AYUNTAMIENTO DE JAURRIETA,134,0,"",ayjaurrieta.3008@cajarural.com,LOTE 01,18,IdEspecie,Pino silvestre,6,Tronquillo,"762,00",PEFC,2021-06-18T00:00:00,2022-01-27T00:00:00
289,3120214026,AYUNTAMIENTO DE ETXARRI ARANATZ,84,0,"",udala@etxarriaranatz.eus,LOTE 01,22,IdEspecie,Roble Americano,2,Madera,"112,20",PEFC,2021-04-06T00:00:00,2021-10-27T00:00:00
290,3120214026,AYUNTAMIENTO DE ETXARRI ARANATZ,84,0,"",udala@etxarriaranatz.eus,LOTE 01,22,IdEspecie,Roble Americano,6,Tronquillo,"101,00",PEFC,2021-04-06T00:00:00,2021-10-27T00:00:00
291,3120214026,AYUNTAMIENTO DE ETXARRI ARANATZ,84,0,"",udala@etxarriaranatz.eus,LOTE 01,21,IdEspecie,Roble Común,2,Madera,"141,70",PEFC,2021-04-06T00:00:00,2021-10-27T00:00:00
292,3120214026,AYUNTAMIENTO DE ETXARRI ARANATZ,84,0,"",udala@etxarriaranatz.eus,LOTE 01,21,IdEspecie,Roble Común,6,Tronquillo,"392,40",PEFC,2021-04-06T00:00:00,2021-10-27T00:00:00
293,3120214026,AYUNTAMIENTO DE ETXARRI ARANATZ,84,0,"",udala@etxarriaranatz.eus,LOTE 02,10,IdEspecie,Haya,6,Tronquillo,"577,40",PEFC,2021-04-06T00:00:00,2021-10-27T00:00:00
294,3120214026,AYUNTAMIENTO DE ETXARRI ARANATZ,84,0,"",udala@etxarriaranatz.eus,LOTE 02,22,IdEspecie,Roble Americano,2,Madera,"1450,20",PEFC,2021-04-06T00:00:00,2021-10-27T00:00:00
295,3120214026,AYUNTAMIENTO DE ETXARRI ARANATZ,84,0,"",udala@etxarriaranatz.eus,LOTE 02,22,IdEspecie,Roble Americano,6,Tronquillo,"1427,80",PEFC,2021-04-06T00:00:00,2021-10-27T00:00:00
296,3120214026,AYUNTAMIENTO DE ETXARRI ARANATZ,84,0,"",udala@etxarriaranatz.eus,LOTE 02,21,IdEspecie,Roble Común,2,Madera,"14,30",PEFC,2021-04-06T00:00:00,2021-10-27T00:00:00
297,3120214026,AYUNTAMIENTO DE ETXARRI ARANATZ,84,0,"",udala@etxarriaranatz.eus,LOTE 02,21,IdEspecie,Roble Común,6,Tronquillo,"60,00",PEFC,2021-04-06T00:00:00,2021-10-27T00:00:00
298,3120214026,AYUNTAMIENTO DE ETXARRI ARANATZ,84,0,"",udala@etxarriaranatz.eus,LOTE 03,10,IdEspecie,Haya,6,Tronquillo,"27,80",PEFC,2021-04-06T00:00:00,2021-10-27T00:00:00
299,3120214026,AYUNTAMIENTO DE ETXARRI ARANATZ,84,0,"",udala@etxarriaranatz.eus,LOTE 03,22,IdEspecie,Roble Americano,2,Madera,"839,40",PEFC,2021-04-06T00:00:00,2021-10-27T00:00:00
300,3120214026,AYUNTAMIENTO DE ETXARRI ARANATZ,84,0,"",udala@etxarriaranatz.eus,LOTE 03,22,IdEspecie,Roble Americano,6,Tronquillo,"1492,90",PEFC,2021-04-06T00:00:00,2021-10-27T00:00:00
301,3120214027,CONCEJO DE BEUNZA,40,85,BEUNZA,meugi25@gmail.com,LOTE 01,10,IdEspecie,Haya,6,Tronquillo,"2045,70",PEFC,2022-02-25T00:00:00,2022-05-23T00:00:00
302,3120214027,CONCEJO DE BEUNZA,40,85,BEUNZA,meugi25@gmail.com,LOTE 01,15,IdEspecie,Pino laricio (austria),5,Leña,"194,90",PEFC,2022-02-25T00:00:00,2022-05-23T00:00:00
303,3120214027,CONCEJO DE BEUNZA,40,85,BEUNZA,meugi25@gmail.com,LOTE 01,15,IdEspecie,Pino laricio (austria),2,Madera,"515,00",PEFC,2022-02-25T00:00:00,2022-05-23T00:00:00
304,3120214027,CONCEJO DE BEUNZA,40,85,BEUNZA,meugi25@gmail.com,LOTE 01,21,IdEspecie,Roble Común,6,Tronquillo,"104,30",PEFC,2022-02-25T00:00:00,2022-05-23T00:00:00
305,3120214029,AYUNTAMIENTO DE DONAMARIA,81,0,"",udala@donamaria.es,LOTE 01,10,IdEspecie,Haya,2,Madera,"823,62",PEFC,2021-04-27T00:00:00,2021-07-27T00:00:00
306,3120214029,AYUNTAMIENTO DE DONAMARIA,81,0,"",udala@donamaria.es,LOTE 01,10,IdEspecie,Haya,6,Tronquillo,"457,09",PEFC,2021-04-27T00:00:00,2021-07-27T00:00:00
307,3120214039,AYUNTAMIENTO DE ERASUN-ERATSUN,90,0,"",ayto.eratsun@cniebla.com,LOTE 01,10,IdEspecie,Haya,2,Madera,"137,82",PEFC,2022-08-02T00:00:00,2022-05-30T00:00:00
308,3120214039,AYUNTAMIENTO DE ERASUN-ERATSUN,90,0,"",ayto.eratsun@cniebla.com,LOTE 01,10,IdEspecie,Haya,6,Tronquillo,"321,58",PEFC,2022-08-02T00:00:00,2022-05-30T00:00:00
309,3120214042,AYUNTAMIENTO DE ARANTZA,22,0,"",arantza.udala@terra.es,LOTE 01,10,IdEspecie,Haya,6,Tronquillo,"229,82",PEFC,2021-11-16T00:00:00,
310,3120214042,AYUNTAMIENTO DE ARANTZA,22,0,"",arantza.udala@terra.es,LOTE 02,4,IdEspecie,Acacia,2,Madera,"16,22",PEFC,2021-11-16T00:00:00,2022-06-24T00:00:00
311,3120214042,AYUNTAMIENTO DE ARANTZA,22,0,"",arantza.udala@terra.es,LOTE 02,4,IdEspecie,Acacia,6,Tronquillo,"37,85",PEFC,2021-11-16T00:00:00,2022-06-24T00:00:00
312,3120214042,AYUNTAMIENTO DE ARANTZA,22,0,"",arantza.udala@terra.es,LOTE 02,17,IdEspecie,Pino radiata,2,Madera,"510,71",PEFC,2021-11-16T00:00:00,2022-06-24T00:00:00
313,3120214042,AYUNTAMIENTO DE ARANTZA,22,0,"",arantza.udala@terra.es,LOTE 02,17,IdEspecie,Pino radiata,6,Tronquillo,"127,68",PEFC,2021-11-16T00:00:00,2022-06-24T00:00:00
314,3120214046,AYUNTAMIENTO DE AURITZ-BURGUETE,58,0,"",ayuntamiento@burguete.es,LOTE 01,2,IdEspecie,Abeto Douglas,5,Leña,"0,00",PEFC,2021-09-21T00:00:00,2022-09-03T00:00:00
315,3120214046,AYUNTAMIENTO DE AURITZ-BURGUETE,58,0,"",ayuntamiento@burguete.es,LOTE 01,5,IdEspecie,Alerce,5,Leña,"480,00",PEFC,2021-09-21T00:00:00,2022-09-03T00:00:00
316,3120214047,AYUNTAMIENTO DE ECHALAR-ETXALAR,82,0,"",idazkaritza@etxalar.eus,LOTE 01,22,IdEspecie,Roble Americano,6,Tronquillo,"33,47",PEFC,2021-03-30T00:00:00,2021-05-28T00:00:00
317,3120214048,AYUNTAMIENTO DE ULTZAMA,236,0,"",ayuntamiento@ultzama.es,LOTE 01,10,IdEspecie,Haya,2,Madera,"214,70",PEFC,2021-09-14T00:00:00,2022-04-01T00:00:00
318,3120214048,AYUNTAMIENTO DE ULTZAMA,236,0,"",ayuntamiento@ultzama.es,LOTE 01,10,IdEspecie,Haya,6,Tronquillo,"1136,60",PEFC,2021-09-14T00:00:00,2022-04-01T00:00:00
319,3120214048,AYUNTAMIENTO DE ULTZAMA,236,0,"",ayuntamiento@ultzama.es,LOTE 02,10,IdEspecie,Haya,2,Madera,"274,80",PEFC,2021-09-14T00:00:00,2022-04-01T00:00:00
320,3120214048,AYUNTAMIENTO DE ULTZAMA,236,0,"",ayuntamiento@ultzama.es,LOTE 02,10,IdEspecie,Haya,6,Tronquillo,"1664,80",PEFC,2021-09-14T00:00:00,2022-04-01T00:00:00
321,3120214051,MANCOMUNIDAD ERREGUERENA,98,132,EUGI,errolda@baztan.eus,LOTE 01,10,IdEspecie,Haya,2,Madera,"147,00",PEFC,2022-01-28T00:00:00,
322,3120214051,MANCOMUNIDAD ERREGUERENA,98,132,EUGI,errolda@baztan.eus,LOTE 01,10,IdEspecie,Haya,6,Tronquillo,"270,00",PEFC,2022-01-28T00:00:00,
323,3120214054,JUNTA GENERAL DEL VALLE DE LA AEZKOA,195,0,"",valledeaezkoa@gmail.com,LOTE 01,3,IdEspecie,Abeto rojo,2,Madera,"245,00",PEFC,2021-10-29T00:00:00,2022-01-13T00:00:00
324,3120214054,JUNTA GENERAL DEL VALLE DE LA AEZKOA,195,0,"",valledeaezkoa@gmail.com,LOTE 01,3,IdEspecie,Abeto rojo,6,Tronquillo,"105,00",PEFC,2021-10-29T00:00:00,2022-01-13T00:00:00
325,3120214054,JUNTA GENERAL DEL VALLE DE LA AEZKOA,195,0,"",valledeaezkoa@gmail.com,LOTE 01,18,IdEspecie,Pino silvestre,2,Madera,"3036,00",PEFC,2021-10-29T00:00:00,2022-01-13T00:00:00
326,3120214054,JUNTA GENERAL DEL VALLE DE LA AEZKOA,195,0,"",valledeaezkoa@gmail.com,LOTE 01,18,IdEspecie,Pino silvestre,6,Tronquillo,"1301,00",PEFC,2021-10-29T00:00:00,2022-01-13T00:00:00
327,3120214054,JUNTA GENERAL DEL VALLE DE LA AEZKOA,195,0,"",valledeaezkoa@gmail.com,LOTE 02,10,IdEspecie,Haya,2,Madera,"423,29",PEFC,2021-10-29T00:00:00,2022-01-13T00:00:00
328,3120214054,JUNTA GENERAL DEL VALLE DE LA AEZKOA,195,0,"",valledeaezkoa@gmail.com,LOTE 02,10,IdEspecie,Haya,6,Tronquillo,"1061,99",PEFC,2021-10-29T00:00:00,2022-01-13T00:00:00
329,3120214056,AYUNTAMIENTO DE BERA,250,0,"",bera@bera.eus,LOTE 01,17,IdEspecie,Pino radiata,2,Madera,"48,07",PEFC,2022-05-27T00:00:00,2022-02-11T00:00:00
330,3120214056,AYUNTAMIENTO DE BERA,250,0,"",bera@bera.eus,LOTE 01,17,IdEspecie,Pino radiata,6,Tronquillo,"12,02",PEFC,2022-05-27T00:00:00,2022-02-11T00:00:00
331,3120214056,AYUNTAMIENTO DE BERA,250,0,"",bera@bera.eus,LOTE 01,22,IdEspecie,Roble Americano,2,Madera,"602,63",PEFC,2022-05-27T00:00:00,2022-02-11T00:00:00
332,3120214056,AYUNTAMIENTO DE BERA,250,0,"",bera@bera.eus,LOTE 01,22,IdEspecie,Roble Americano,6,Tronquillo,"1262,10",PEFC,2022-05-27T00:00:00,2022-02-11T00:00:00
333,3120214060,AYUNTAMIENTO DE CASEDA,69,0,"",ayuntamiento@caseda.es,LOTE 01,8,IdEspecie,Chopo,1,Desenrollo,"772,00",PEFC,2021-03-31T00:00:00,2021-06-24T00:00:00
334,3120214060,AYUNTAMIENTO DE CASEDA,69,0,"",ayuntamiento@caseda.es,LOTE 01,8,IdEspecie,Chopo,6,Tronquillo,"140,00",PEFC,2021-03-31T00:00:00,2021-06-24T00:00:00
335,3120214062,AYUNTAMIENTO DE ABAURREA ALTA-ABAURREGAINA,3,0,"",aytos_abaurreas@yahoo.es,LOTE 01,10,IdEspecie,Haya,2,Madera,"2917,00",PEFC,2021-05-07T00:00:00,2021-08-11T00:00:00
336,3120214062,AYUNTAMIENTO DE ABAURREA ALTA-ABAURREGAINA,3,0,"",aytos_abaurreas@yahoo.es,LOTE 01,10,IdEspecie,Haya,6,Tronquillo,"901,00",PEFC,2021-05-07T00:00:00,2021-08-11T00:00:00
337,3120214063,CONCEJO DE OSTIZ,186,272,OSTIZ,"",LOTE 01,8,IdEspecie,Chopo,4,Embalaje,"96,10",PEFC,2021-08-24T00:00:00,2022-02-22T00:00:00
338,3120214064,AYUNTAMIENTO DE ORBAIZETA,195,0,"",info@orbaizeta.com,LOTE 01,5,IdEspecie,Alerce,2,Madera,"115,00",PEFC,2021-05-03T00:00:00,
339,3120214064,AYUNTAMIENTO DE ORBAIZETA,195,0,"",info@orbaizeta.com,LOTE 01,5,IdEspecie,Alerce,6,Tronquillo,"49,00",PEFC,2021-05-03T00:00:00,
340,3120214066,CONCEJO DE IMARCOAIN,88,175,IMÁRCOAIN,"",LOTE 01,14,IdEspecie,Pino alepo,6,Tronquillo,"2084,88",PEFC,2021-12-23T00:00:00,2022-06-20T00:00:00
341,3120214067,AYUNTAMIENTO DE LARRAGA,142,0,"",ayuntamiento@ayuntamientolarraga.com,LOTE 01,15,IdEspecie,Pino laricio (austria),7,Varios productos,"5090,00",PEFC,2022-02-18T00:00:00,2022-05-24T00:00:00
342,3120214068,CONCEJO DE TORRES DE ELORZ,88,301,TORRES,"",LOTE 01,14,IdEspecie,Pino alepo,6,Tronquillo,"720,46",PEFC,2021-12-22T00:00:00,2022-02-11T00:00:00
343,3120214069,CONCEJO DE BIGÜEZAL,209,86,BIGÜÉZAL,concejobiguezal@gmail.com,LOTE 01,18,IdEspecie,Pino silvestre,4,Embalaje,"660,00",PEFC,2021-02-06T00:00:00,2021-08-19T00:00:00
344,3120214069,CONCEJO DE BIGÜEZAL,209,86,BIGÜÉZAL,concejobiguezal@gmail.com,LOTE 01,18,IdEspecie,Pino silvestre,5,Leña,"1537,00",PEFC,2021-02-06T00:00:00,2021-08-19T00:00:00
345,3120214069,CONCEJO DE BIGÜEZAL,209,86,BIGÜÉZAL,concejobiguezal@gmail.com,LOTE 01,18,IdEspecie,Pino silvestre,7,Varios productos,"243,00",PEFC,2021-02-06T00:00:00,2021-08-19T00:00:00
346,3120214070,AYUNTAMIENTO DE ABAURREA ALTA-ABAURREGAINA,3,0,"",aytos_abaurreas@yahoo.es,LOTE 01,3,IdEspecie,Abeto rojo,5,Leña,"212,00",PEFC,2022-11-03T00:00:00,2022-04-25T00:00:00
347,3120214070,AYUNTAMIENTO DE ABAURREA ALTA-ABAURREGAINA,3,0,"",aytos_abaurreas@yahoo.es,LOTE 01,3,IdEspecie,Abeto rojo,2,Madera,"318,00",PEFC,2022-11-03T00:00:00,2022-04-25T00:00:00
348,3120214070,AYUNTAMIENTO DE ABAURREA ALTA-ABAURREGAINA,3,0,"",aytos_abaurreas@yahoo.es,LOTE 01,18,IdEspecie,Pino silvestre,5,Leña,"155,00",PEFC,2022-11-03T00:00:00,2022-04-25T00:00:00
349,3120214070,AYUNTAMIENTO DE ABAURREA ALTA-ABAURREGAINA,3,0,"",aytos_abaurreas@yahoo.es,LOTE 01,18,IdEspecie,Pino silvestre,2,Madera,"233,00",PEFC,2022-11-03T00:00:00,2022-04-25T00:00:00
350,3120214075,CONCEJO DE NAVASCUES,181,244,NAVASCUÉS,navascues@ayuntamientodenavascues.net,LOTE 01,15,IdEspecie,Pino laricio (austria),7,Varios productos,"1147,00",PEFC,2021-06-18T00:00:00,2022-01-27T00:00:00
351,3120214075,CONCEJO DE NAVASCUES,181,244,NAVASCUÉS,navascues@ayuntamientodenavascues.net,LOTE 01,18,IdEspecie,Pino silvestre,7,Varios productos,"265,00",PEFC,2021-06-18T00:00:00,2022-01-27T00:00:00
352,3120214079,CONCEJO DE BARAIBAR,144,76,BARAIBAR,info@larraun.com,LOTE 01,10,IdEspecie,Haya,6,Tronquillo,"1153,70",PEFC,2022-05-31T00:00:00,2022-03-11T00:00:00
353,3120214079,CONCEJO DE BARAIBAR,144,76,BARAIBAR,info@larraun.com,LOTE 02,10,IdEspecie,Haya,2,Madera,"243,50",PEFC,2022-05-31T00:00:00,
354,3120214079,CONCEJO DE BARAIBAR,144,76,BARAIBAR,info@larraun.com,LOTE 02,10,IdEspecie,Haya,6,Tronquillo,"1875,60",PEFC,2022-05-31T00:00:00,
355,3120214082,AYUNTAMIENTO DE MENDAVIA,165,0,"",ayuntamiento@mendavia.org,LOTE 01,8,IdEspecie,Chopo,2,Madera,"66,38",PEFC,2021-04-13T00:00:00,2021-08-16T00:00:00
356,3120214084,AYUNTAMIENTO DE LUMBIER,159,0,"",ayuntamiento@lumbier.es,LOTE 01,15,IdEspecie,Pino laricio (austria),6,Tronquillo,"181,00",PEFC,2021-04-23T00:00:00,2021-08-17T00:00:00
357,3120214084,AYUNTAMIENTO DE LUMBIER,159,0,"",ayuntamiento@lumbier.es,LOTE 01,18,IdEspecie,Pino silvestre,6,Tronquillo,"0,00",PEFC,2021-04-23T00:00:00,2021-08-17T00:00:00
358,3120214085,CONCEJO DE ABINZANO,124,1,ABÍNZANO,"",LOTE 01,10,IdEspecie,Haya,7,Varios productos,"906,00",PEFC,2022-03-22T00:00:00,
359,3120214085,CONCEJO DE ABINZANO,124,1,ABÍNZANO,"",LOTE 01,18,IdEspecie,Pino silvestre,7,Varios productos,"354,00",PEFC,2022-03-22T00:00:00,
360,3120214087,AYUNTAMIENTO DE IGANTZI,259,0,"",idazkari@igantzi.eus,LOTE 01,4,IdEspecie,Acacia,2,Madera,"26,34",PEFC,2022-05-31T00:00:00,2022-12-09T00:00:00
361,3120214087,AYUNTAMIENTO DE IGANTZI,259,0,"",idazkari@igantzi.eus,LOTE 01,4,IdEspecie,Acacia,6,Tronquillo,"2,93",PEFC,2022-05-31T00:00:00,2022-12-09T00:00:00
362,3120214087,AYUNTAMIENTO DE IGANTZI,259,0,"",idazkari@igantzi.eus,LOTE 01,6,IdEspecie,Castaño,2,Madera,"53,67",PEFC,2022-05-31T00:00:00,2022-12-09T00:00:00
363,3120214087,AYUNTAMIENTO DE IGANTZI,259,0,"",idazkari@igantzi.eus,LOTE 01,6,IdEspecie,Castaño,6,Tronquillo,"53,67",PEFC,2022-05-31T00:00:00,2022-12-09T00:00:00
364,3120214087,AYUNTAMIENTO DE IGANTZI,259,0,"",idazkari@igantzi.eus,LOTE 01,22,IdEspecie,Roble Americano,2,Madera,"306,91",PEFC,2022-05-31T00:00:00,2022-12-09T00:00:00
365,3120214087,AYUNTAMIENTO DE IGANTZI,259,0,"",idazkari@igantzi.eus,LOTE 01,22,IdEspecie,Roble Americano,6,Tronquillo,"76,73",PEFC,2022-05-31T00:00:00,2022-12-09T00:00:00
366,3120214089,AYUNTAMIENTO VALLE DE EGUES,201,0,"",ayuntamiento@egues.es,LOTE 01,15,IdEspecie,Pino laricio (austria),4,Embalaje,"1671,00",PEFC,2021-05-14T00:00:00,2021-10-27T00:00:00
367,3120214089,AYUNTAMIENTO VALLE DE EGUES,201,0,"",ayuntamiento@egues.es,LOTE 01,15,IdEspecie,Pino laricio (austria),6,Tronquillo,"2042,00",PEFC,2021-05-14T00:00:00,2021-10-27T00:00:00
368,3120214091,AYUNTAMIENTO DE ABAIGAR,1,0,"",secretario@murieta.org,LOTE 01,8,IdEspecie,Chopo,2,Madera,"733,08","",2021-04-19T00:00:00,2022-11-02T00:00:00
369,3120214092,AYUNTAMIENTO DE BAZTAN,50,0,"",baztan@baztan.eus,LOTE 01,13,IdEspecie,Otras frond.,6,Tronquillo,"15,20",PEFC,2022-11-03T00:00:00,2022-05-27T00:00:00
370,3120214092,AYUNTAMIENTO DE BAZTAN,50,0,"",baztan@baztan.eus,LOTE 01,22,IdEspecie,Roble Americano,2,Madera,"64,40",PEFC,2022-11-03T00:00:00,2022-05-27T00:00:00
371,3120214092,AYUNTAMIENTO DE BAZTAN,50,0,"",baztan@baztan.eus,LOTE 01,22,IdEspecie,Roble Americano,6,Tronquillo,"204,30",PEFC,2022-11-03T00:00:00,2022-05-27T00:00:00
372,3120214092,AYUNTAMIENTO DE BAZTAN,50,0,"",baztan@baztan.eus,LOTE 02,22,IdEspecie,Roble Americano,2,Madera,"464,20",PEFC,2022-11-03T00:00:00,2022-05-27T00:00:00
373,3120214092,AYUNTAMIENTO DE BAZTAN,50,0,"",baztan@baztan.eus,LOTE 02,22,IdEspecie,Roble Americano,6,Tronquillo,"309,50",PEFC,2022-11-03T00:00:00,2022-05-27T00:00:00
374,3120214092,AYUNTAMIENTO DE BAZTAN,50,0,"",baztan@baztan.eus,LOTE 03,22,IdEspecie,Roble Americano,6,Tronquillo,"133,70",PEFC,2022-11-03T00:00:00,2022-05-27T00:00:00
375,3120214092,AYUNTAMIENTO DE BAZTAN,50,0,"",baztan@baztan.eus,LOTE 04,6,IdEspecie,Castaño,2,Madera,"11,40",PEFC,2022-11-03T00:00:00,2022-05-27T00:00:00
376,3120214092,AYUNTAMIENTO DE BAZTAN,50,0,"",baztan@baztan.eus,LOTE 04,6,IdEspecie,Castaño,6,Tronquillo,"17,10",PEFC,2022-11-03T00:00:00,2022-05-27T00:00:00
377,3120214092,AYUNTAMIENTO DE BAZTAN,50,0,"",baztan@baztan.eus,LOTE 04,22,IdEspecie,Roble Americano,2,Madera,"333,20",PEFC,2022-11-03T00:00:00,2022-05-27T00:00:00
378,3120214092,AYUNTAMIENTO DE BAZTAN,50,0,"",baztan@baztan.eus,LOTE 04,22,IdEspecie,Roble Americano,6,Tronquillo,"179,40",PEFC,2022-11-03T00:00:00,2022-05-27T00:00:00
379,3120214092,AYUNTAMIENTO DE BAZTAN,50,0,"",baztan@baztan.eus,LOTE 05,22,IdEspecie,Roble Americano,2,Madera,"21,10",PEFC,2022-11-03T00:00:00,2022-05-27T00:00:00
380,3120214092,AYUNTAMIENTO DE BAZTAN,50,0,"",baztan@baztan.eus,LOTE 05,22,IdEspecie,Roble Americano,6,Tronquillo,"785,80",PEFC,2022-11-03T00:00:00,2022-05-27T00:00:00
381,3120214092,AYUNTAMIENTO DE BAZTAN,50,0,"",baztan@baztan.eus,LOTE 06,6,IdEspecie,Castaño,6,Tronquillo,"36,70",PEFC,2022-11-03T00:00:00,
382,3120214092,AYUNTAMIENTO DE BAZTAN,50,0,"",baztan@baztan.eus,LOTE 06,22,IdEspecie,Roble Americano,2,Madera,"6,00",PEFC,2022-11-03T00:00:00,
383,3120214092,AYUNTAMIENTO DE BAZTAN,50,0,"",baztan@baztan.eus,LOTE 06,22,IdEspecie,Roble Americano,6,Tronquillo,"114,30",PEFC,2022-11-03T00:00:00,
384,3120214092,AYUNTAMIENTO DE BAZTAN,50,0,"",baztan@baztan.eus,LOTE 07,15,IdEspecie,Pino laricio (austria),2,Madera,"833,40",PEFC,2022-11-03T00:00:00,2022-05-27T00:00:00
385,3120214092,AYUNTAMIENTO DE BAZTAN,50,0,"",baztan@baztan.eus,LOTE 07,15,IdEspecie,Pino laricio (austria),6,Tronquillo,"833,40",PEFC,2022-11-03T00:00:00,2022-05-27T00:00:00
386,3120214092,AYUNTAMIENTO DE BAZTAN,50,0,"",baztan@baztan.eus,LOTE 07,16,IdEspecie,Pino laricio (corcega),2,Madera,"1878,90",PEFC,2022-11-03T00:00:00,2022-05-27T00:00:00
387,3120214092,AYUNTAMIENTO DE BAZTAN,50,0,"",baztan@baztan.eus,LOTE 07,16,IdEspecie,Pino laricio (corcega),6,Tronquillo,"805,20",PEFC,2022-11-03T00:00:00,2022-05-27T00:00:00
388,3120214094,AYUNTAMIENTO DE OCHAGAVIA,185,0,"",ayuntamiento@ochagavia.com,LOTE 01,8,IdEspecie,Chopo,7,Varios productos,"57,00","",2021-04-23T00:00:00,2021-05-19T00:00:00
389,3120214095,AYUNTAMIENTO DE LIEDENA,155,0,"",liedena@infolocal.org,LOTE 01,15,IdEspecie,Pino laricio (austria),4,Embalaje,"1506,00",PEFC,2022-02-24T00:00:00,2022-06-24T00:00:00
390,3120214095,AYUNTAMIENTO DE LIEDENA,155,0,"",liedena@infolocal.org,LOTE 01,15,IdEspecie,Pino laricio (austria),6,Tronquillo,"376,00",PEFC,2022-02-24T00:00:00,2022-06-24T00:00:00
391,3120214096,CONCEJO DE ETULAIN,17,127,ETULAIN,concejodeetulain@gmail.com,LOTE 01,10,IdEspecie,Haya,6,Tronquillo,"854,80",PEFC,2021-04-23T00:00:00,2022-05-23T00:00:00
392,3120214096,CONCEJO DE ETULAIN,17,127,ETULAIN,concejodeetulain@gmail.com,LOTE 01,18,IdEspecie,Pino silvestre,5,Leña,"41,80",PEFC,2021-04-23T00:00:00,2022-05-23T00:00:00
393,3120214096,CONCEJO DE ETULAIN,17,127,ETULAIN,concejodeetulain@gmail.com,LOTE 01,18,IdEspecie,Pino silvestre,2,Madera,"41,80",PEFC,2021-04-23T00:00:00,2022-05-23T00:00:00
394,3120214096,CONCEJO DE ETULAIN,17,127,ETULAIN,concejodeetulain@gmail.com,LOTE 01,19,IdEspecie,Quejigo-Roble,2,Madera,"42,40",PEFC,2021-04-23T00:00:00,2022-05-23T00:00:00
395,3120214096,CONCEJO DE ETULAIN,17,127,ETULAIN,concejodeetulain@gmail.com,LOTE 01,19,IdEspecie,Quejigo-Roble,6,Tronquillo,"670,50",PEFC,2021-04-23T00:00:00,2022-05-23T00:00:00
396,3120214098,AYUNTAMIENTO DE IRAÑETA,127,0,"",info@uhartearakil.com,LOTE 01,15,IdEspecie,Pino laricio (austria),2,Madera,"2547,60",PEFC,2021-05-11T00:00:00,2022-01-03T00:00:00
397,3120214098,AYUNTAMIENTO DE IRAÑETA,127,0,"",info@uhartearakil.com,LOTE 01,15,IdEspecie,Pino laricio (austria),6,Tronquillo,"2072,30",PEFC,2021-05-11T00:00:00,2022-01-03T00:00:00
398,3120214098,AYUNTAMIENTO DE IRAÑETA,127,0,"",info@uhartearakil.com,LOTE 02,15,IdEspecie,Pino laricio (austria),2,Madera,"177,60",PEFC,2021-05-11T00:00:00,2022-01-03T00:00:00
399,3120214098,AYUNTAMIENTO DE IRAÑETA,127,0,"",info@uhartearakil.com,LOTE 02,18,IdEspecie,Pino silvestre,2,Madera,"182,20",PEFC,2021-05-11T00:00:00,2022-01-03T00:00:00
400,3120214098,AYUNTAMIENTO DE IRAÑETA,127,0,"",info@uhartearakil.com,LOTE 02,18,IdEspecie,Pino silvestre,6,Tronquillo,"250,90",PEFC,2021-05-11T00:00:00,2022-01-03T00:00:00
401,3120214099,AYUNTAMIENTO DE GALLIPIENZO,110,0,"",ayuntamiento@gallipienzo.es,LOTE 01,8,IdEspecie,Chopo,2,Madera,"252,00","",2021-07-16T00:00:00,2021-10-21T00:00:00
402,3120214100,CONCEJO DE BERUETE,49,84,BERUETE,udala@basaburua.eus,LOTE 01,10,IdEspecie,Haya,2,Madera,"698,60",PEFC,2021-07-16T00:00:00,2021-10-19T00:00:00
403,3120214100,CONCEJO DE BERUETE,49,84,BERUETE,udala@basaburua.eus,LOTE 01,10,IdEspecie,Haya,6,Tronquillo,"1409,00",PEFC,2021-07-16T00:00:00,2021-10-19T00:00:00
404,3120214104,FACERO IRURZUN-ECHEVERRI,25,0,"",alkatetza@irurtzun.eus,LOTE 01,10,IdEspecie,Haya,6,Tronquillo,"48,60","",2021-07-13T00:00:00,2022-03-31T00:00:00
405,3120214104,FACERO IRURZUN-ECHEVERRI,25,0,"",alkatetza@irurtzun.eus,LOTE 01,15,IdEspecie,Pino laricio (austria),6,Tronquillo,"1270,30","",2021-07-13T00:00:00,2022-03-31T00:00:00
406,3120214105,CONCEJO DE ZARRANZ-ZARRANTZ,126,335,ZARRANTZ,udala@imotz.eus,LOTE 01,10,IdEspecie,Haya,6,Tronquillo,"1230,40",PEFC,2021-10-26T00:00:00,2022-02-24T00:00:00
407,3120214106,AYUNTAMIENTO ALTSASU-ALSASUA,10,0,"",altsasu@altsasu.net,LOTE 01,10,IdEspecie,Haya,2,Madera,"244,20",PEFC y FSC,2021-11-05T00:00:00,2021-05-11T00:00:00
408,3120214106,AYUNTAMIENTO ALTSASU-ALSASUA,10,0,"",altsasu@altsasu.net,LOTE 01,10,IdEspecie,Haya,6,Tronquillo,"1321,50",PEFC y FSC,2021-11-05T00:00:00,2021-05-11T00:00:00
409,3120214106,AYUNTAMIENTO ALTSASU-ALSASUA,10,0,"",altsasu@altsasu.net,LOTE 02,10,IdEspecie,Haya,2,Madera,"854,50",PEFC y FSC,2021-11-05T00:00:00,2021-05-11T00:00:00
410,3120214106,AYUNTAMIENTO ALTSASU-ALSASUA,10,0,"",altsasu@altsasu.net,LOTE 02,10,IdEspecie,Haya,6,Tronquillo,"4120,50",PEFC y FSC,2021-11-05T00:00:00,2021-05-11T00:00:00
411,3120214106,AYUNTAMIENTO ALTSASU-ALSASUA,10,0,"",altsasu@altsasu.net,LOTE 03,10,IdEspecie,Haya,2,Madera,"311,60",PEFC y FSC,2021-11-05T00:00:00,2021-05-11T00:00:00
412,3120214106,AYUNTAMIENTO ALTSASU-ALSASUA,10,0,"",altsasu@altsasu.net,LOTE 03,10,IdEspecie,Haya,6,Tronquillo,"1553,60",PEFC y FSC,2021-11-05T00:00:00,2021-05-11T00:00:00
413,3120214106,AYUNTAMIENTO ALTSASU-ALSASUA,10,0,"",altsasu@altsasu.net,LOTE 04,10,IdEspecie,Haya,2,Madera,"820,10",PEFC y FSC,2021-11-05T00:00:00,2021-05-11T00:00:00
414,3120214106,AYUNTAMIENTO ALTSASU-ALSASUA,10,0,"",altsasu@altsasu.net,LOTE 04,10,IdEspecie,Haya,6,Tronquillo,"1584,30",PEFC y FSC,2021-11-05T00:00:00,2021-05-11T00:00:00
415,3120214107,AYUNTAMIENTO DE GARDE,113,0,"",ayuntogarde@terra.es,LOTE 01,18,IdEspecie,Pino silvestre,2,Madera,"921,00",PEFC,2021-10-19T00:00:00,2021-12-27T00:00:00
416,3120214107,AYUNTAMIENTO DE GARDE,113,0,"",ayuntogarde@terra.es,LOTE 01,18,IdEspecie,Pino silvestre,6,Tronquillo,"285,00",PEFC,2021-10-19T00:00:00,2021-12-27T00:00:00
417,3120214109,AYUNTAMIENTO DE LONGUIDA,158,0,"",ayto-longuida@terra.es,LOTE 01,15,IdEspecie,Pino laricio (austria),2,Madera,"1564,00","",2021-05-14T00:00:00,
418,3120214110,AYUNTAMIENTO DE VIDANGOZ,252,0,"",ayuntamiento@vidangoz.com,LOTE 01,18,IdEspecie,Pino silvestre,2,Madera,"642,00",PEFC,2022-04-26T00:00:00,2022-06-28T00:00:00
419,3120214110,AYUNTAMIENTO DE VIDANGOZ,252,0,"",ayuntamiento@vidangoz.com,LOTE 01,18,IdEspecie,Pino silvestre,6,Tronquillo,"223,00",PEFC,2022-04-26T00:00:00,2022-06-28T00:00:00
420,3120214110,AYUNTAMIENTO DE VIDANGOZ,252,0,"",ayuntamiento@vidangoz.com,LOTE 02,18,IdEspecie,Pino silvestre,6,Tronquillo,"2287,00",PEFC,2022-04-26T00:00:00,2022-06-28T00:00:00
421,3120214111,AYUNTAMIENTO DE BURGUI,59,0,"",ayuntamiento@burgui.es,LOTE 01,15,IdEspecie,Pino laricio (austria),4,Embalaje,"3407,00",PEFC,2022-03-22T00:00:00,2022-06-27T00:00:00
422,3120214111,AYUNTAMIENTO DE BURGUI,59,0,"",ayuntamiento@burgui.es,LOTE 01,18,IdEspecie,Pino silvestre,4,Embalaje,"167,00",PEFC,2022-03-22T00:00:00,2022-06-27T00:00:00
423,3120214112,JUNTA GENERAL VALLE DE SALAZAR,185,0,"",junta@valledesalazar.com,LOTE 01,1,IdEspecie,Abeto,2,Madera,"377,00",PEFC,2021-05-25T00:00:00,2021-05-10T00:00:00
424,3120214112,JUNTA GENERAL VALLE DE SALAZAR,185,0,"",junta@valledesalazar.com,LOTE 01,1,IdEspecie,Abeto,6,Tronquillo,"104,00",PEFC,2021-05-25T00:00:00,2021-05-10T00:00:00
425,3120214112,JUNTA GENERAL VALLE DE SALAZAR,185,0,"",junta@valledesalazar.com,LOTE 01,10,IdEspecie,Haya,2,Madera,"107,00",PEFC,2021-05-25T00:00:00,2021-05-10T00:00:00
426,3120214112,JUNTA GENERAL VALLE DE SALAZAR,185,0,"",junta@valledesalazar.com,LOTE 01,10,IdEspecie,Haya,6,Tronquillo,"87,00",PEFC,2021-05-25T00:00:00,2021-05-10T00:00:00
427,3120214114,AYUNTAMIENTO DE EZCAROZ,93,0,"",ayuntamiento@ezcaroz.es,LOTE 01,5,IdEspecie,Alerce,2,Madera,"78,00",PEFC,2021-06-25T00:00:00,2021-06-08T00:00:00
428,3120214114,AYUNTAMIENTO DE EZCAROZ,93,0,"",ayuntamiento@ezcaroz.es,LOTE 01,10,IdEspecie,Haya,5,Leña,"69,00",PEFC,2021-06-25T00:00:00,2021-06-08T00:00:00
429,3120214114,AYUNTAMIENTO DE EZCAROZ,93,0,"",ayuntamiento@ezcaroz.es,LOTE 01,18,IdEspecie,Pino silvestre,2,Madera,"266,00",PEFC,2021-06-25T00:00:00,2021-06-08T00:00:00
430,3120214116,AYUNTAMIENTO DE ECHALAR-ETXALAR,82,0,"",idazkaritza@etxalar.eus,LOTE 01,4,IdEspecie,Acacia,6,Tronquillo,"23,17",PEFC,2022-03-29T00:00:00,
431,3120214116,AYUNTAMIENTO DE ECHALAR-ETXALAR,82,0,"",idazkaritza@etxalar.eus,LOTE 01,10,IdEspecie,Haya,6,Tronquillo,"0,00",PEFC,2022-03-29T00:00:00,
432,3120214116,AYUNTAMIENTO DE ECHALAR-ETXALAR,82,0,"",idazkaritza@etxalar.eus,LOTE 01,15,IdEspecie,Pino laricio (austria),2,Madera,"25,59",PEFC,2022-03-29T00:00:00,
433,3120214116,AYUNTAMIENTO DE ECHALAR-ETXALAR,82,0,"",idazkaritza@etxalar.eus,LOTE 01,22,IdEspecie,Roble Americano,2,Madera,"146,18",PEFC,2022-03-29T00:00:00,
434,3120214116,AYUNTAMIENTO DE ECHALAR-ETXALAR,82,0,"",idazkaritza@etxalar.eus,LOTE 02,2,IdEspecie,Abeto Douglas,6,Tronquillo,"0,00",PEFC,2022-03-29T00:00:00,
435,3120214116,AYUNTAMIENTO DE ECHALAR-ETXALAR,82,0,"",idazkaritza@etxalar.eus,LOTE 02,15,IdEspecie,Pino laricio (austria),2,Madera,"1523,40",PEFC,2022-03-29T00:00:00,
436,3120214116,AYUNTAMIENTO DE ECHALAR-ETXALAR,82,0,"",idazkaritza@etxalar.eus,LOTE 02,15,IdEspecie,Pino laricio (austria),6,Tronquillo,"6965,76",PEFC,2022-03-29T00:00:00,
437,3120214116,AYUNTAMIENTO DE ECHALAR-ETXALAR,82,0,"",idazkaritza@etxalar.eus,LOTE 02,22,IdEspecie,Roble Americano,2,Madera,"37,42",PEFC,2022-03-29T00:00:00,
438,3120214116,AYUNTAMIENTO DE ECHALAR-ETXALAR,82,0,"",idazkaritza@etxalar.eus,LOTE 02,22,IdEspecie,Roble Americano,6,Tronquillo,"37,42",PEFC,2022-03-29T00:00:00,
439,3120214120,CONCEJO DE YABEN-IHABEN,49,172,IHABEN,udala@basaburua.eus,LOTE 01,10,IdEspecie,Haya,6,Tronquillo,"1031,20",PEFC,2021-12-28T00:00:00,
440,3120214121,AYUNTAMIENTO DE MARCILLA,163,0,"",intervencion@marcilla.es,LOTE 01,8,IdEspecie,Chopo,2,Madera,"2112,68","",2021-08-11T00:00:00,
441,3120214123,COMUNIDAD DE OLLARMENDI,98,132,EUGI,concejodeeugi@gmail.com,LOTE 01,10,IdEspecie,Haya,6,Tronquillo,"330,00",PEFC,2021-09-21T00:00:00,2021-10-13T00:00:00
442,3120214124,AYUNTAMIENTO DE GALLIPIENZO,110,0,"",ayuntamiento@gallipienzo.es,LOTE 01,15,IdEspecie,Pino laricio (austria),2,Madera,"4181,00",PEFC,2021-11-26T00:00:00,2022-02-05T00:00:00
443,3120214125,AYUNTAMIENTO DE LEZAUN,154,0,"",ayuntamiento@lezaun.es,LOTE 01,10,IdEspecie,Haya,6,Tronquillo,"879,00",PEFC,2022-03-15T00:00:00,
444,3120214125,AYUNTAMIENTO DE LEZAUN,154,0,"",ayuntamiento@lezaun.es,LOTE 01,15,IdEspecie,Pino laricio (austria),2,Madera,"137,00",PEFC,2022-03-15T00:00:00,
445,3120214125,AYUNTAMIENTO DE LEZAUN,154,0,"",ayuntamiento@lezaun.es,LOTE 01,15,IdEspecie,Pino laricio (austria),6,Tronquillo,"117,00",PEFC,2022-03-15T00:00:00,
446,3120214127,AYUNTAMIENTO DE JAVIER,135,0,"",aytojavier@inicia.es,LOTE 01,8,IdEspecie,Chopo,1,Desenrollo,"108,00","",2022-03-23T00:00:00,2022-07-15T00:00:00
447,3120214127,AYUNTAMIENTO DE JAVIER,135,0,"",aytojavier@inicia.es,LOTE 01,8,IdEspecie,Chopo,6,Tronquillo,"12,00","",2022-03-23T00:00:00,2022-07-15T00:00:00
448,3120214127,AYUNTAMIENTO DE JAVIER,135,0,"",aytojavier@inicia.es,LOTE 01,14,IdEspecie,Pino alepo,4,Embalaje,"102,00","",2022-03-23T00:00:00,2022-07-15T00:00:00
449,3120214127,AYUNTAMIENTO DE JAVIER,135,0,"",aytojavier@inicia.es,LOTE 01,14,IdEspecie,Pino alepo,6,Tronquillo,"408,00","",2022-03-23T00:00:00,2022-07-15T00:00:00
450,3120214129,CONCEJO DE ECHALECU-ETXALEKU,126,128,ETXALEKU (CAPITAL),udala@imotz.eus,LOTE 01,10,IdEspecie,Haya,6,Tronquillo,"1386,90",PEFC,2021-10-26T00:00:00,2022-04-01T00:00:00
451,3120214134,CONCEJO DE ERAUL,604,0,"",concejodeeraul@gmail.com,LOTE 01,10,IdEspecie,Haya,6,Tronquillo,"1775,50","",2022-08-02T00:00:00,
452,3120214134,CONCEJO DE ERAUL,604,0,"",concejodeeraul@gmail.com,LOTE 02,10,IdEspecie,Haya,6,Tronquillo,"1256,60","",2022-08-02T00:00:00,
453,3120214135,AYUNTAMIENTO DE CIORDIA-ZIORDIA,73,0,"",ziordiaudala@telefonica.net,LOTE 01,10,IdEspecie,Haya,6,Tronquillo,"372,20",PEFC y FSC,2021-10-29T00:00:00,
454,3120214136,CONCEJO DE ECHARREN,25,129,ETXARREN,etxarrenarakil@gmail.com,LOTE 01,15,IdEspecie,Pino laricio (austria),2,Madera,"61,90","",2021-08-27T00:00:00,
455,3120214136,CONCEJO DE ECHARREN,25,129,ETXARREN,etxarrenarakil@gmail.com,LOTE 01,15,IdEspecie,Pino laricio (austria),6,Tronquillo,"49,40","",2021-08-27T00:00:00,
456,3120214138,CONCEJO DE ERRO,5006,0,"",concejoerro@gmail.com,LOTE 01,18,IdEspecie,Pino silvestre,7,Varios productos,"2201,00",PEFC,2022-05-13T00:00:00,2022-04-10T00:00:00
457,3120214139,AYUNTAMIENTO DE VILLAFRANCA,254,0,"",ayuntamiento@villafranca.es,LOTE 01,8,IdEspecie,Chopo,2,Madera,"1734,17",PEFC,2021-08-11T00:00:00,
458,3120214139,AYUNTAMIENTO DE VILLAFRANCA,254,0,"",ayuntamiento@villafranca.es,LOTE 01,8,IdEspecie,Chopo,6,Tronquillo,"306,03",PEFC,2021-08-11T00:00:00,
459,3120214140,CONCEJO DE SARASIBAR,98,0,"", ,LOTE 01,18,IdEspecie,Pino silvestre,2,Madera,"430,00","",2022-05-27T00:00:00,2022-05-09T00:00:00
460,3120214140,CONCEJO DE SARASIBAR,98,0,"", ,LOTE 01,18,IdEspecie,Pino silvestre,6,Tronquillo,"2234,00","",2022-05-27T00:00:00,2022-05-09T00:00:00
461,3120214141,AYUNTAMIENTO DE GARRALDA,115,0,"",garralda@infolocal.org,LOTE 01,6,IdEspecie,Castaño,6,Tronquillo,"33,00",PEFC,2022-03-15T00:00:00,2022-05-25T00:00:00
462,3120214141,AYUNTAMIENTO DE GARRALDA,115,0,"",garralda@infolocal.org,LOTE 01,10,IdEspecie,Haya,6,Tronquillo,"264,88",PEFC,2022-03-15T00:00:00,2022-05-25T00:00:00
463,3120214141,AYUNTAMIENTO DE GARRALDA,115,0,"",garralda@infolocal.org,LOTE 01,21,IdEspecie,Roble Común,1,Desenrollo,"10,66",PEFC,2022-03-15T00:00:00,2022-05-25T00:00:00
464,3120214141,AYUNTAMIENTO DE GARRALDA,115,0,"",garralda@infolocal.org,LOTE 01,21,IdEspecie,Roble Común,5,Leña,"94,56",PEFC,2022-03-15T00:00:00,2022-05-25T00:00:00
465,3120214141,AYUNTAMIENTO DE GARRALDA,115,0,"",garralda@infolocal.org,LOTE 01,21,IdEspecie,Roble Común,2,Madera,"90,03",PEFC,2022-03-15T00:00:00,2022-05-25T00:00:00
466,3120214143,AYUNTAMIENTO DE AZAGRA,42,0,"",ayuntamiento@azagra.es,LOTE 01,14,IdEspecie,Pino alepo,7,Varios productos,"613,93","",2022-08-25T00:00:00,
467,3120214144,CONCEJO DE URRIZA-URRITZA,126,317,URRITZA,udala@imotz.eus,LOTE 01,15,IdEspecie,Pino laricio (austria),7,Varios productos,"2460,00",PEFC,2022-09-08T00:00:00,
468,3120214152,AYUNTAMIENTO DE CASEDA,69,0,"",ayuntamiento@caseda.es,LOTE 01,8,IdEspecie,Chopo,2,Madera,"590,00",PEFC,2021-11-11T00:00:00,2022-02-14T00:00:00
469,3120214153,AYUNTAMIENTO DE ANCIN,14,0,"",info@ancin-antzin.com,LOTE 01,8,IdEspecie,Chopo,7,Varios productos,"575,00","",2022-01-04T00:00:00,
470,3120214157,AYUNTAMIENTO DE LUMBIER,159,0,"",ayuntamiento@lumbier.es,LOTE 01,18,IdEspecie,Pino silvestre,6,Tronquillo,"735,00",PEFC,2022-10-05T00:00:00,
471,3120214158,AYUNTAMIENTO DE MENDIGORRIA,167,0,"",ayuntamiento@mendigorria.es,LOTE 01,8,IdEspecie,Chopo,2,Madera,"553,04","",2022-03-05T00:00:00,
472,3120214159,AYUNTAMIENTO DE ARCE-ARTZE,12871,0,"",ayuntamiento@valledearce.com,LOTE 01,1,IdEspecie,Abeto,7,Varios productos,"23,00","",2022-07-29T00:00:00,
473,3120214159,AYUNTAMIENTO DE ARCE-ARTZE,12871,0,"",ayuntamiento@valledearce.com,LOTE 01,10,IdEspecie,Haya,7,Varios productos,"58,00","",2022-07-29T00:00:00,
474,3120214159,AYUNTAMIENTO DE ARCE-ARTZE,12871,0,"",ayuntamiento@valledearce.com,LOTE 01,15,IdEspecie,Pino laricio (austria),7,Varios productos,"4496,00","",2022-07-29T00:00:00,
475,3120214159,AYUNTAMIENTO DE ARCE-ARTZE,12871,0,"",ayuntamiento@valledearce.com,LOTE 01,18,IdEspecie,Pino silvestre,7,Varios productos,"684,00","",2022-07-29T00:00:00,
476,3120214163,CONCEJO DE OLAVE,188,0,"",concejodeolave@gmail.com,LOTE 01,18,IdEspecie,Pino silvestre,5,Leña,"1183,80","",2022-02-09T00:00:00,
477,3120214163,CONCEJO DE OLAVE,188,0,"",concejodeolave@gmail.com,LOTE 01,18,IdEspecie,Pino silvestre,2,Madera,"601,30","",2022-02-09T00:00:00,
478,3120214166,AYUNTAMIENTO DE MIRANDA ARGA,171,0,"",ayun.miranda@terra.es,LOTE 01,14,IdEspecie,Pino alepo,7,Varios productos,"1904,00","",2022-04-04T00:00:00,
479,3120214167,CONCEJO DE AYESA,103,64,AYESA,ayesa@cniebla.com,LOTE 01,15,IdEspecie,Pino laricio (austria),2,Madera,"1691,00",PEFC,2022-03-05T00:00:00,2022-04-08T00:00:00
480,3120214167,CONCEJO DE AYESA,103,64,AYESA,ayesa@cniebla.com,LOTE 01,15,IdEspecie,Pino laricio (austria),6,Tronquillo,"562,00",PEFC,2022-03-05T00:00:00,2022-04-08T00:00:00
481,3120214170,AYUNTAMIENTO DE AIBAR,9,0,"",ayuntamiento@aibar.es,LOTE 01,8,IdEspecie,Chopo,1,Desenrollo,"944,00",PEFC,2021-12-13T00:00:00,2022-05-13T00:00:00
482,3120214170,AYUNTAMIENTO DE AIBAR,9,0,"",ayuntamiento@aibar.es,LOTE 01,8,IdEspecie,Chopo,6,Tronquillo,"105,00",PEFC,2021-12-13T00:00:00,2022-05-13T00:00:00
483,3120214171,JUNTA GENERAL VALLE DE SALAZAR,185,0,"",junta@valledesalazar.com,LOTE 01,10,IdEspecie,Haya,6,Tronquillo,"134,00",PEFC,2021-11-23T00:00:00,
484,3120214172,AYUNTAMIENTO DE ARESO,31,0,"",areso@areso.eus,LOTE 01,12,IdEspecie,Otras conif.,2,Madera,"837,00",PEFC,2022-06-24T00:00:00,
485,3120214172,AYUNTAMIENTO DE ARESO,31,0,"",areso@areso.eus,LOTE 01,12,IdEspecie,Otras conif.,6,Tronquillo,"557,20",PEFC,2022-06-24T00:00:00,
486,3120214172,AYUNTAMIENTO DE ARESO,31,0,"",areso@areso.eus,LOTE 01,22,IdEspecie,Roble Americano,2,Madera,"13,20",PEFC,2022-06-24T00:00:00,
487,3120214172,AYUNTAMIENTO DE ARESO,31,0,"",areso@areso.eus,LOTE 01,22,IdEspecie,Roble Americano,6,Tronquillo,"138,80",PEFC,2022-06-24T00:00:00,
488,3120214173,AYUNTAMIENTO DE MURILLO EL FRUTO,179,0,"",ayuntamiento@murilloelfruto.es,LOTE 01,8,IdEspecie,Chopo,2,Madera,"157,00","",2021-12-20T00:00:00,2022-02-14T00:00:00
489,3120214174,CONCEJO DE ASIAIN,193,56,ASIÁIN,"",LOTE 01,8,IdEspecie,Chopo,5,Leña,"185,00","",2022-08-11T00:00:00,
490,3120214175,AYUNTAMIENTO DE AIBAR,9,0,"",ayuntamiento@aibar.es,LOTE 01,15,IdEspecie,Pino laricio (austria),4,Embalaje,"2404,00",PEFC,2022-01-25T00:00:00,2022-05-13T00:00:00
491,3120214175,AYUNTAMIENTO DE AIBAR,9,0,"",ayuntamiento@aibar.es,LOTE 01,15,IdEspecie,Pino laricio (austria),6,Tronquillo,"601,00",PEFC,2022-01-25T00:00:00,2022-05-13T00:00:00
492,3120214178,AYUNTAMIENTO ALTSASU-ALSASUA,10,0,"",altsasu@altsasu.net,LOTE 01,6,IdEspecie,Castaño,6,Tronquillo,"142,10",PEFC,2022-02-15T00:00:00,
493,3120214178,AYUNTAMIENTO ALTSASU-ALSASUA,10,0,"",altsasu@altsasu.net,LOTE 01,21,IdEspecie,Roble Común,6,Tronquillo,"0,00",PEFC,2022-02-15T00:00:00,
494,3120214180,AYUNTAMIENTO DE ULTZAMA,236,0,"",ayuntamiento@ultzama.es,LOTE 01,10,IdEspecie,Haya,6,Tronquillo,"1015,00",PEFC,2022-05-04T00:00:00,
495,3120214181,CONCEJO DE IZCO,124,190,IZCO,miguelikomik@gmail.com,LOTE 01,15,IdEspecie,Pino laricio (austria),4,Embalaje,"232,00",PEFC,2022-03-15T00:00:00,
496,3120214181,CONCEJO DE IZCO,124,190,IZCO,miguelikomik@gmail.com,LOTE 01,15,IdEspecie,Pino laricio (austria),6,Tronquillo,"154,00",PEFC,2022-03-15T00:00:00,
497,3120214181,CONCEJO DE IZCO,124,190,IZCO,miguelikomik@gmail.com,LOTE 01,15,IdEspecie,Pino laricio (austria),7,Varios productos,"406,00",PEFC,2022-03-15T00:00:00,
498,3120214183,MANCOMUNIDAD ERREGUERENA,98,0,"",errolda@baztan.eus,LOTE 01,10,IdEspecie,Haya,7,Varios productos,"3188,00",PEFC,2022-03-06T00:00:00,2022-07-20T00:00:00
499,3120214184,CONCEJO DE BIGÜEZAL,209,86,BIGÜÉZAL,concejobiguezal@gmail.com,LOTE 01,18,IdEspecie,Pino silvestre,2,Madera,"756,00",PEFC,2022-01-28T00:00:00,2022-06-06T00:00:00
500,3120214184,CONCEJO DE BIGÜEZAL,209,86,BIGÜÉZAL,concejobiguezal@gmail.com,LOTE 01,18,IdEspecie,Pino silvestre,6,Tronquillo,"135,00",PEFC,2022-01-28T00:00:00,2022-06-06T00:00:00
